at,ptsMs,payloadSizeBytes,frameType
10933,11958,277,B
10970,11916,257,B
11013,12000,210,B
11078,12208,2781,P
11098,12125,494,B
11143,12083,432,B
11182,12166,222,B
11251,12375,3949,P
11266,12291,776,B
11306,12250,570,B
11350,12333,302,B
11422,12458,4077,P
11433,12416,443,B
11656,12500,21992,I
11670,12666,1624,P
11678,12583,665,B
11685,12541,439,B
11692,12625,401,B
11741,12833,5529,P
11750,12750,686,B
11769,12708,512,B
11807,12791,377,B
11888,13000,5018,P
11901,12916,1228,B
11936,12875,697,B
11976,12958,501,B
12042,13083,3484,P
12061,13041,684,B
12290,13125,23106,I
12316,13291,2911,P
12325,13208,757,B
12332,13166,516,B
12339,13250,367,B
12382,13458,5001,P
12395,13375,1084,B
12403,13333,655,B
12434,13416,475,B
12508,13625,4327,P
12523,13541,1300,B
12556,13500,727,B
12602,13583,593,B
12664,13708,3185,P
12685,13666,662,B
12908,13750,22355,I
12935,13916,2895,P
12942,13833,699,B
12950,13791,530,B
12955,13875,352,B
13002,14083,5345,P
13013,14000,897,B
13020,13958,591,B
13059,14041,451,B
13132,14250,4141,P
13148,14166,1135,B
13182,14125,595,B
13227,14208,583,B
13282,14333,2426,P
13310,14291,650,B
13540,14375,23623,I
13558,14541,2038,P
13568,14458,904,B
13576,14416,521,B
13583,14500,511,B
13618,14708,3973,P
13629,14625,958,B
13639,14583,597,B
13683,14666,504,B
13762,14875,4760,P
13773,14791,1235,B
13809,14750,648,B
13845,14833,528,B
13914,14958,3098,P
13934,14916,607,B
14162,15000,22681,I
14190,15166,3185,P
14199,15083,812,B
14206,15041,498,B
14212,15125,423,B
14252,15333,4539,P
14263,15250,1027,B
14270,15208,612,B
14309,15291,444,B
14375,15500,3669,P
14398,15416,1329,B
14435,15375,647,B
14476,15458,583,B
14537,15583,3209,P
14556,15541,686,B
14795,15625,23661,I
14828,15791,3800,P
14833,15708,178,B
14836,15666,157,B
14840,15750,159,B
14858,15916,1715,P
14862,15833,242,B
14890,15875,152,B
14947,15958,2337,P
14998,16000,3092,P
15053,16166,4826,P
15061,16083,651,B
15101,16041,483,B
15142,16125,433,B
15199,16208,2339,P
15367,16250,17708,I
15397,16416,3296,P
15405,16333,748,B
15411,16291,398,B
15418,16375,547,B
15443,16458,1987,P
15478,16500,1410,P
15523,16541,1219,P
15573,16625,2136,P
15599,16583,399,B
15649,16708,1244,P
15683,16666,330,B
15727,16833,760,P
15765,16750,375,B
15805,16791,395,B
16044,16875,23697,I
16061,17000,1875,P
16068,16916,611,B
16076,16958,465,B
16101,17166,2637,P
16110,17083,791,B
16118,17041,505,B
16141,17125,412,B
16205,17333,2984,P
16228,17250,807,B
16267,17208,447,B
16309,17291,463,B
16379,17375,3913,P
16412,17458,2815,P
16437,17416,809,B
16675,17500,24324,I
16705,17583,3500,P
16718,17541,1127,B
16740,17625,2265,P
16757,17666,1836,P
16774,17708,1645,P
16792,17750,2020,P
16815,17791,2184,P
16834,17833,2130,P
16864,17875,2078,P
16905,17916,2033,P
16947,17958,2108,P
17007,18083,4795,P
17025,18000,1659,B
17070,18041,2056,B
17297,18125,24124,I
17326,18166,3149,P
17343,18208,1775,P
17379,18375,3968,P
17387,18291,840,B
17394,18250,559,B
17401,18333,474,B
17418,18416,1772,P
17444,18458,1804,P
17494,18541,2649,P
17519,18500,706,B
17574,18625,2719,P
17602,18583,698,B
17656,18666,2447,P
17688,18708,1448,P
17919,18750,23669,I
17948,18916,3335,P
17958,18833,860,B
17965,18791,513,B
17972,18875,483,B
18016,19083,4984,P
18026,19000,1006,B
18033,18958,575,B
18060,19041,623,B
18121,19250,2916,P
18144,19166,720,B
18183,19125,419,B
18225,19208,392,B
18273,19333,1198,P
18308,19291,491,B
18537,19375,23307,I
18564,19541,3098,P
18573,19458,727,B
18580,19416,499,B
18586,19500,416,B
18608,19625,2474,P
18616,19583,471,B
18652,19666,1800,P
18695,19708,1779,P
18736,19750,1645,P
18777,19791,1646,P
18851,19916,5629,P
18861,19833,1041,B
18904,19875,1951,B
18970,19958,4767,P
19171,20000,23950,I
19195,20041,2515,P
19215,20125,2099,P
19226,20083,942,B
19243,20208,1742,P
19253,20166,908,B
19271,20291,1809,P
19282,20250,962,B
19319,20375,2132,P
19355,20333,1383,B
19408,20416,2884,P
19460,20458,3707,P
19515,20500,5222,P
19548,20583,3789,P
19565,20541,1589,B
19794,20625,23515,I
19826,20791,3539,P
19845,20708,2024,B
19855,20666,1023,B
19870,20750,1374,B
19896,20833,2685,P
19929,20875,3615,P
19957,20958,3046,P
19968,20916,845,B
19991,21083,2270,P
20017,21000,472,B
20058,21041,363,B
20106,21125,1104,P
20144,21166,973,P
20182,21208,322,P
20423,21250,24108,I
20450,21291,3056,P
20478,21333,3003,P
20508,21416,3263,P
20515,21375,559,B
20547,21583,3525,P
20556,21500,800,B
20564,21458,540,B
20570,21541,415,B
20618,21750,3099,P
20644,21666,715,B
20684,21625,476,B
20722,21708,405,B
20777,21833,1710,P
20809,21791,468,B
21049,21875,24154,I
21077,21958,3128,P
21083,21916,408,B
21110,22000,2888,P
21152,22166,4737,P
21163,22083,1012,B
21170,22041,685,B
21176,22125,386,B
21203,22250,2775,P
21227,22208,586,B
21281,22291,2605,P
21327,22458,3163,P
21352,22375,831,B
21392,22333,480,B
21433,22416,386,B
21670,22500,24167,I
21691,22541,2230,P
21707,22583,1741,P
21722,22625,1450,P
21734,22666,1199,P
21750,22708,1596,P
21762,22833,1081,P
21769,22750,476,B
21808,22791,352,B
21875,23000,3391,P
21891,22916,535,B
21934,22875,425,B
21975,22958,326,B
22093,23083,9221,P
22094,23041,165,B
22201,23125,12401,I
22218,23291,1729,P
22225,23208,549,B
22231,23166,475,B
22267,23250,446,B
22334,23458,3556,P
22353,23375,749,B
22390,23333,671,B
22435,23416,615,B
22503,23625,4024,P
22520,23541,854,B
22561,23500,709,B
22601,23583,594,B
22680,23708,5054,P
22687,23666,559,B
22899,23750,21191,I
22925,23916,2820,P
22933,23833,849,B
22942,23791,710,B
22949,23875,609,B
22992,24083,4686,P
23005,24000,1049,B
23020,23958,823,B
23058,24041,706,B
23137,24250,4946,P
23149,24166,1125,B
23188,24125,929,B
23225,24208,764,B
23299,24333,4915,P
23311,24291,725,B
23531,24375,22095,I
23556,24541,2671,P
23564,24458,757,B
23573,24416,711,B
23581,24500,617,B
23623,24708,4720,P
23635,24625,1029,B
23645,24583,843,B
23685,24666,680,B
23755,24875,4408,P
23769,24791,1174,B
23812,24750,908,B
23849,24833,726,B
23925,24958,4445,P
23936,24916,790,B
24159,25000,22943,I
24187,25166,3035,P
24197,25083,891,B
24206,25041,765,B
24215,25125,698,B
24253,25333,4488,P
24264,25250,987,B
24274,25208,821,B
24309,25291,705,B
24382,25500,4609,P
24397,25416,1125,B
24437,25375,835,B
24474,25458,741,B
24545,25583,3806,P
24557,25541,829,B
24779,25625,22268,I
24806,25791,3021,P
24816,25708,808,B
24824,25666,708,B
24832,25750,641,B
24866,25958,3805,P
24878,25875,1077,B
24892,25833,786,B
24936,25916,679,B
25008,26125,4367,P
25019,26041,1094,B
25061,26000,878,B
25103,26083,727,B
25166,26208,3684,P
25186,26166,704,B
25410,26250,22471,I
25436,26416,2916,P
25444,26333,835,B
25454,26291,749,B
25462,26375,634,B
25495,26583,3577,P
25506,26500,1039,B
25520,26458,796,B
25557,26541,668,B
25631,26750,4272,P
25644,26666,1089,B
25687,26625,845,B
25724,26708,676,B
25792,26833,3650,P
25810,26791,733,B
26068,26875,22768,I
26098,27041,2642,P
26110,26958,840,B
26119,26916,747,B
26129,27000,620,B
26173,27208,3890,P
26186,27125,1049,B
26198,27083,788,B
26207,27166,672,B
26269,27375,4471,P
26280,27291,1077,B
26313,27250,811,B
26355,27333,739,B
26425,27458,3588,P
26438,27416,740,B
26710,27500,22759,I
26743,27666,3027,P
26754,27583,806,B
26765,27541,736,B
26773,27625,636,B
26819,27833,4013,P
26832,27750,1055,B
26842,27708,772,B
26852,27791,706,B
26897,28000,4044,P
26913,27916,1166,B
26937,27875,862,B
26979,27958,729,B
27052,28083,3691,P
27062,28041,804,B
27333,28125,22711,I
27357,28291,2070,P
27369,28208,978,B
27378,28166,697,B
27388,28250,617,B
27435,28458,4234,P
27448,28375,1025,B
27459,28333,790,B
27469,28416,676,B
27518,28625,4352,P
27531,28541,1077,B
27559,28500,879,B
27601,28583,736,B
27676,28708,3593,P
27685,28666,739,B
27952,28750,22385,I
27976,28916,2121,P
27988,28833,972,B
28000,28791,769,B
28009,28875,622,B
28056,29083,4215,P
28069,29000,1040,B
28080,28958,817,B
28090,29041,771,B
28139,29250,4331,P
28152,29166,1141,B
28187,29125,811,B
28228,29208,746,B
28302,29333,4076,P
28311,29291,743,B
28586,29375,22856,I
28620,29541,3055,P
28631,29458,955,B
28642,29416,735,B
28652,29500,621,B
28706,29708,4981,P
28719,29625,964,B
28731,29583,778,B
28741,29666,679,B
28790,29875,4451,P
28803,29791,1109,B
28815,29750,802,B
28855,29833,754,B
28930,29958,3965,P
28939,29916,695,B
29207,30000,22540,I
29239,30166,2953,P
29252,30083,997,B
29263,30041,818,B
29272,30125,669,B
29321,30333,4358,P
29333,30250,1057,B
29346,30208,861,B
29356,30291,719,B
29399,30500,3873,P
29413,30416,1085,B
29439,30375,860,B
29480,30458,728,B
29552,30583,3732,P
29564,30541,894,B
29837,30625,22986,I
29856,30791,1699,P
29870,30708,1029,B
29880,30666,731,B
29889,30750,662,B
29929,30958,3501,P
29943,30875,986,B
29954,30833,841,B
29963,30916,695,B
30017,31125,4553,P
30032,31041,1123,B
30065,31000,929,B
30105,31083,795,B
30173,31208,3332,P
30189,31166,873,B
30457,31250,22494,I
30492,31416,3225,P
30506,31333,1062,B
30517,31291,791,B
30527,31375,775,B
30580,31583,4772,P
30597,31500,1365,B
30608,31458,782,B
30619,31541,749,B
30676,31750,5229,P
30692,31666,1238,B
30703,31625,765,B
30729,31708,702,B
30794,31833,2962,P
30815,31791,921,B
31093,31875,23488,I
31124,32000,2873,P
31138,31916,1001,B
31147,31958,680,B
31222,32166,6972,P
31239,32083,1269,B
31250,32041,831,B
31260,32125,841,B
31320,32291,5444,P
31334,32208,1080,B
31345,32250,813,B
31387,32375,3768,P
31397,32333,677,B
31445,32458,4238,P
31453,32416,657,B
31684,32500,20751,I
31709,32583,2209,P
31717,32541,549,B
31767,32708,4630,P
31780,32625,866,B
31789,32666,671,B
31829,32791,3529,P
31839,32750,698,B
31882,32875,3863,P
31891,32833,622,B
31956,33041,5914,P
31969,32958,1013,B
31978,32916,725,B
32020,33000,746,B
32077,33083,2146,P
32339,33125,23028,I
32373,33291,3254,P
32383,33208,693,B
32394,33166,680,B
32403,33250,607,B
32457,33458,4990,P
32467,33375,744,B
32477,33333,655,B
32486,33416,618,B
32548,33625,5486,P
32561,33541,1024,B
32572,33500,819,B
32605,33583,738,B
32673,33708,3386,P
32686,33666,639,B
32958,33750,22685,I
32983,33916,2093,P
32995,33833,889,B
33003,33791,545,B
33013,33875,671,B
33066,34083,4803,P
33078,34000,932,B
33089,33958,753,B
33099,34041,672,B
33144,34250,4015,P
33162,34166,1078,B
33189,34125,886,B
33226,34208,785,B
33289,34333,2942,P
33313,34291,807,B
33592,34375,23455,I
33612,34541,1742,P
33623,34458,853,B
33632,34416,659,B
33643,34500,680,B
33680,34708,3367,P
33693,34625,1001,B
33705,34583,778,B
33714,34666,680,B
33766,34875,4260,P
33779,34791,1040,B
33814,34750,842,B
33853,34833,655,B
33916,34958,2799,P
33933,34916,768,B
34202,35000,22069,I
34228,35166,2226,P
34239,35083,817,B
34249,35041,720,B
34258,35125,599,B
34296,35333,3468,P
34308,35250,921,B
34318,35208,775,B
34329,35291,608,B
34388,35500,4042,P
34399,35416,850,B
34439,35375,890,B
34478,35458,684,B
34559,35583,4389,P
34569,35541,801,B
34831,35625,22780,I
34855,35791,2165,P
34867,35708,850,B
34877,35666,683,B
34886,35750,659,B
34928,35958,3745,P
34940,35875,1001,B
34952,35833,824,B
34962,35916,683,B
35013,36125,4070,P
35028,36041,1159,B
35064,36000,865,B
35105,36083,769,B
35167,36208,2846,P
35188,36166,764,B
35457,36250,22621,I
35482,36416,2213,P
35492,36333,801,B
35502,36291,656,B
35511,36375,646,B
35555,36583,3915,P
35567,36500,997,B
35579,36458,780,B
35588,36541,658,B
35638,36750,3929,P
35649,36666,936,B
35692,36625,849,B
35728,36708,688,B
35794,36833,2958,P
35812,36791,705,B
36072,36875,21620,I
36095,37041,2118,P
36107,36958,781,B
36114,36916,598,B
36124,37000,590,B
36166,37208,3787,P
36179,37125,948,B
36190,37083,727,B
36199,37166,685,B
36264,37375,4108,P
36277,37291,993,B
36314,37250,855,B
36352,37333,596,B
36420,37458,3018,P
36438,37416,733,B
36708,37500,22820,I
36731,37666,1860,P
36741,37583,819,B
36750,37541,616,B
36759,37625,619,B
36796,37833,3225,P
36810,37750,912,B
36820,37708,740,B
36828,37791,526,B
36893,38000,4355,P
36904,37916,929,B
36939,37875,827,B
36979,37958,659,B
37055,38083,4016,P
37064,38041,714,B
37334,38125,22665,I
37358,38291,2150,P
37369,38208,814,B
37379,38166,669,B
37388,38250,626,B
37429,38458,3676,P
37441,38375,913,B
37452,38333,776,B
37461,38416,616,B
37511,38625,4104,P
37524,38541,966,B
37559,38500,770,B
37602,38583,574,B
37667,38708,2863,P
37688,38666,767,B
37954,38750,22340,I
37980,38916,2246,P
37992,38833,860,B
38001,38791,650,B
38010,38875,598,B
38052,39083,3769,P
38065,39000,1052,B
38075,38958,749,B
38085,39041,655,B
38136,39250,3740,P
38151,39166,1235,B
38189,39125,888,B
38229,39208,745,B
38297,39333,3348,P
38313,39291,787,B
38581,39375,22395,I
38602,39541,1843,P
38612,39458,839,B
38623,39416,619,B
38631,39500,526,B
38673,39708,3886,P
38686,39625,887,B
38696,39583,702,B
38704,39666,593,B
38761,39875,3925,P
38774,39791,913,B
38811,39750,690,B
38852,39833,595,B
38917,39958,3135,P
38936,39916,700,B
39209,40000,23015,I
39232,40166,1992,P
39244,40083,893,B
39252,40041,596,B
39261,40125,557,B
39295,40333,2947,P
39307,40250,929,B
39317,40208,695,B
39327,40291,653,B
39389,40500,4101,P
39398,40416,836,B
39437,40375,756,B
39477,40458,604,B
39556,40583,4131,P
39566,40541,786,B
39846,40625,23829,I
39865,40791,1680,P
39875,40708,836,B
39886,40666,613,B
39895,40750,593,B
39939,40958,3958,P
39949,40875,788,B
39959,40833,679,B
39968,40916,610,B
40017,41125,4402,P
40028,41041,873,B
40063,41000,783,B
40103,41083,667,B
40167,41208,2748,P
40188,41166,788,B
40462,41250,22920,I
40485,41416,2058,P
40495,41333,748,B
40504,41291,635,B
40513,41375,539,B
40547,41583,3031,P
40560,41500,998,B
40570,41458,687,B
40581,41541,722,B
40637,41750,3857,P
40650,41666,982,B
40688,41625,768,B
40729,41708,722,B
40798,41833,3409,P
40813,41791,787,B
41139,41875,22568,I
41171,42041,2149,P
41185,41958,814,B
41196,41916,624,B
41207,42000,563,B
41267,42208,4045,P
41281,42125,820,B
41293,42083,642,B
41305,42166,637,B
41364,42375,3964,P
41380,42291,858,B
41392,42250,649,B
41403,42333,609,B
41445,42458,2841,P
41460,42416,725,B
41785,42500,22454,I
41812,42666,1887,P
41824,42583,535,B
41835,42541,586,B
41845,42625,497,B
41888,42833,2915,P
41904,42750,866,B
41914,42708,679,B
41927,42791,646,B
41984,43000,3719,P
41998,42916,787,B
42012,42875,701,B
42023,42958,607,B
42083,43083,4069,P
42096,43041,715,B
42429,43125,23645,I
42457,43291,1897,P
42470,43208,658,B
42481,43166,565,B
42489,43250,488,B
42543,43458,3568,P
42556,43375,779,B
42566,43333,528,B
42577,43416,550,B
42634,43625,3823,P
42650,43541,906,B
42661,43500,640,B
42674,43583,570,B
42719,43708,3021,P
42731,43666,654,B
43064,43750,23691,I
43098,43916,2225,P
43116,43833,1004,B
43126,43791,615,B
43138,43875,618,B
43198,44083,4133,P
43217,44000,1228,B
43233,43958,828,B
43247,44041,777,B
43302,44250,3784,P
43325,44166,1313,B
43340,44125,873,B
43354,44208,786,B
43406,44333,3553,P
43423,44291,871,B
43756,44375,23759,I
43793,44541,2370,P
43809,44458,935,B
43822,44416,718,B
43833,44500,620,B
43880,44708,3147,P
43895,44625,978,B
43909,44583,712,B
43920,44666,561,B
43974,44875,3793,P
43990,44791,858,B
44003,44750,634,B
44013,44833,519,B
44068,44958,3707,P
44083,44916,798,B
44392,45000,21975,I
44425,45166,2288,P
44441,45083,827,B
44452,45041,652,B
44465,45125,577,B
44507,45333,2891,P
44520,45250,718,B
44531,45208,657,B
44544,45291,615,B
44593,45500,3367,P
44607,45416,800,B
44621,45375,709,B
44631,45458,567,B
44696,45583,4446,P
44707,45541,568,B
45055,45625,22556,I
45070,45791,1972,P
45087,45708,867,B
45104,45666,555,B
45104,45750,631,B
45161,45958,2728,P
45161,45875,738,B
45177,45833,580,B
45178,45916,547,B
45227,46125,3528,P
45244,46041,687,B
45245,46000,676,B
45261,46083,530,B
45304,46208,3042,P
45304,46166,573,B
45622,46250,21189,I
45640,46416,1903,P
45645,46333,727,B
45654,46291,492,B
45666,46375,613,B
45716,46583,3385,P
45740,46500,1507,B
45754,46458,809,B
45770,46541,1015,B
45840,46750,4767,P
45862,46666,1357,B
45881,46625,1163,B
45894,46708,727,B
45949,46833,3677,P
45960,46791,712,B
46283,46875,22763,I
46309,47041,1794,P
46320,46958,605,B
46329,46916,451,B
46338,47000,417,B
46377,47208,2611,P
46391,47125,771,B
46400,47083,520,B
46411,47166,504,B
46476,47375,4464,P
46489,47291,759,B
46501,47250,536,B
46510,47333,453,B
46539,47458,1952,P
46549,47416,463,B
46884,47500,22356,I
46904,47541,1215,P
46919,47708,2070,P
46932,47625,933,B
46941,47583,514,B
46952,47666,517,B
47227,47750,17927,P
47260,47916,2048,P
47260,47833,671,B
47277,47791,439,B
47277,47875,379,B
47317,48083,3456,P
47338,48000,922,B
47353,47958,615,B
47353,48041,626,B
47694,48125,23097,I
47730,48291,2498,P
47750,48208,1092,B
47766,48166,856,B
47782,48250,774,B
47818,48458,2730,P
47833,48375,1267,B
47851,48333,873,B
47868,48416,941,B
47917,48625,4083,P
47934,48541,1159,B
47956,48500,807,B
47974,48583,938,B
48023,48708,3635,P
48041,48666,829,B
48386,48750,23516,I
48419,48916,2887,P
48436,48833,1079,B
48452,48791,787,B
48468,48875,1038,B
48519,49083,3851,P
48540,49000,1202,B
48558,48958,981,B
48574,49041,839,B
48625,49250,4217,P
48657,49166,1442,B
48675,49125,1104,B
48676,49208,1118,B
48748,49333,4077,P
48765,49291,1088,B
49103,49375,23728,I
49159,49541,3286,P
49175,49458,1297,B
49192,49416,881,B
49210,49500,845,B
49261,49708,3665,P
49278,49625,931,B
49278,49583,970,B
49294,49666,718,B
49350,49875,3644,P
49367,49791,755,B
49383,49750,770,B
49383,49833,708,B
49432,49958,3266,P
49449,49916,666,B
49793,50000,23839,I
49827,50166,2298,P
49846,50083,905,B
49846,50041,758,B
49862,50125,618,B
49934,50333,4871,P
49952,50250,874,B
49968,50208,866,B
49968,50291,639,B
50018,50500,3638,P
50034,50416,997,B
50049,50375,933,B
50066,50458,730,B
50105,50583,2730,P
50121,50541,784,B
50464,50625,23733,I
50480,50791,1816,P
50496,50708,841,B
50519,50666,643,B
50519,50750,553,B
50569,50958,3726,P
50586,50875,761,B
50602,50833,638,B
50602,50916,553,B
50672,51125,4714,P
50690,51041,720,B
50690,51000,659,B
50706,51083,464,B
50739,51166,2915,P
50775,51208,1342,P
51097,51250,22897,I
51119,51291,1194,P
51170,51333,3101,P
51203,51375,2272,P
51219,51416,2084,P
51256,51458,1486,P
51274,51500,1098,P
51290,51541,1162,P
51323,51583,2044,P
51345,51625,1127,P
51361,51666,1612,P
51377,51708,1472,P
51426,51750,3226,P
51497,51791,4280,P
51531,51833,2991,P
51875,51875,23392,I
51908,52041,2708,P
51926,51958,945,B
51946,51916,539,B
51947,52000,551,B
51979,52083,2358,P
52012,52125,2520,P
52081,52208,4265,P
52099,52166,657,B
52132,52250,2515,P
52165,52291,2064,P
52182,52333,1946,P
52217,52375,1747,P
52251,52458,2336,P
52251,52416,449,B
52596,52500,23710,I
52629,52541,1242,P
52662,52583,2419,P
52700,52666,2691,P
52700,52625,490,B
52749,52833,3103,P
52765,52750,714,B
52766,52708,530,B
52766,52791,368,B
52819,53000,3061,P
52836,52916,1045,B
52852,52875,631,B
52852,52958,584,B
52906,53083,3236,P
52923,53041,904,B
53268,53125,23624,I
53300,53291,3115,P
53317,53208,915,B
53334,53166,678,B
53335,53250,477,B
53420,53458,5305,P
53420,53375,662,B
53437,53333,543,B
53437,53416,434,B
53508,53625,4442,P
53525,53541,641,B
53526,53500,537,B
53541,53583,337,B
53591,53666,4062,P
53645,53708,3243,P
53970,53750,22588,I
53988,53791,1511,P
54021,53833,1722,P
54038,53875,1777,P
54075,53916,1848,P
54092,53958,1767,P
54126,54000,1377,P
54158,54041,2746,P
54195,54083,1838,P
54230,54125,2178,P
54246,54166,1332,P
54264,54208,1387,P
54317,54250,3184,P
54366,54291,3606,P
54400,54333,2530,P
54726,54375,22766,I
54760,54416,1804,P
54797,54458,2429,P
54831,54500,2679,P
54866,54541,2495,P
54912,54583,2303,P
54944,54625,2116,P
54994,54791,3531,P
55011,54708,1336,B
55027,54666,738,B
55043,54750,644,B
55118,54958,4906,P
55134,54875,1445,B
55151,54833,803,B
55151,54916,689,B
55471,55000,22121,I
55521,55166,3812,P
55537,55083,947,B
55554,55041,695,B
55570,55125,735,B
55638,55333,5463,P
55653,55250,1197,B
55671,55208,773,B
55687,55291,667,B
55703,55375,2096,P
55771,55541,4263,P
55788,55458,1250,B
55804,55416,739,B
55804,55500,755,B
55859,55583,3372,P
56349,55625,23185,I
56399,55666,2182,P
56448,55708,2644,P
56547,55791,4022,P
56572,55750,973,B
56673,55958,4643,P
56707,55875,1578,B
56736,55833,998,B
56762,55916,823,B
56849,56041,4275,P
56874,56000,962,B
57150,56208,12871,P
57150,56125,216,B
57202,56083,1531,B
57202,56166,153,B
57426,56250,11310,I
57502,56291,3326,P
57582,56333,3396,P
57639,56375,2371,P
57698,56416,2651,P
57748,56583,2086,P
57777,56500,407,B
57777,56458,277,B
57777,56541,170,B
57904,56708,5657,P
57904,56625,488,B
57928,56666,216,B
58052,56791,6379,P
58052,56750,494,B
58077,56833,712,P
58542,56875,21560,I
58571,56916,1179,P
58600,56958,990,P
58626,57000,572,P
58650,57041,1373,P
58680,57083,655,P
58680,57125,449,P
58680,57166,450,P
58707,57208,532,P
58707,57250,541,P
58731,57291,563,P
58755,57333,824,P
58805,57375,2371,P
58856,57416,2685,P
58905,57458,2748,P
59393,57500,21407,I
59447,57541,2413,P
59474,57583,1841,P
59527,57625,1716,P
59553,57666,1555,P
59657,57833,4333,P
59681,57750,1271,B
59707,57708,728,B
59708,57791,784,B
59781,57958,3312,P
59805,57875,1013,B
59830,57916,750,B
59883,58000,3104,P
59957,58041,3536,P
60007,58083,2221,P
60480,58125,21268,I
60534,58166,2073,P
60584,58208,1948,P
60633,58250,1990,P
60658,58291,2057,P
60708,58333,1980,P
60760,58375,2000,P
60785,58416,1956,P
60834,58458,1833,P
60858,58500,1564,P
60909,58541,1607,P
60960,58583,2055,P
61038,58625,3742,P
61115,58666,3616,P
61172,58708,2817,P
61663,58750,21992,I
61711,58791,2459,P
61762,58833,2118,P
61811,58875,2007,P
61837,58916,2026,P
61888,58958,1808,P
61940,59000,1831,P
61989,59041,2423,P
62017,59083,1753,P
62049,59125,1318,P
62100,59166,1382,P
62129,59208,1356,P
62209,59250,3630,P
62289,59291,3565,P
62339,59333,2422,P
62792,59375,21080,I
62867,59500,3190,P
62867,59416,495,B
62868,59458,282,B
62977,59666,3666,P
62977,59583,568,B
62977,59541,374,B
63001,59625,219,B
63085,59833,3612,P
63086,59750,653,B
63111,59708,459,B
63111,59791,322,B
63217,59958,4200,P
63217,59875,601,B
63243,59916,392,B
63719,60000,22373,I
63768,60041,3294,P
63852,60166,2943,P
63852,60083,625,B
63880,60125,366,B
63989,60333,5141,P
64014,60250,905,B
64014,60208,545,B
64038,60291,468,B
64094,60458,2662,P
64119,60375,755,B
64119,60416,489,B
64170,60583,2251,P
64194,60500,639,B
64194,60541,519,B
64545,60625,16176,I
64812,60708,11351,P
64812,60666,214,B
64864,60875,2846,P
64889,60791,901,B
64916,60750,409,B
64916,60833,375,B
64984,60916,2384,P
65033,60958,2350,P
65082,61000,2148,P
65131,61041,2323,P
65180,61083,1992,P
65228,61125,2469,P
65316,61166,3465,P
65341,61208,1487,P
65687,61250,16863,I
65736,61416,2342,P
65762,61333,589,B
65762,61291,423,B
65787,61375,449,B
65836,61458,2607,P
65887,61500,2878,P
65937,61541,2309,P
66011,61708,3282,P
66036,61625,1121,B
66060,61583,560,B
66061,61666,711,B
66138,61750,3316,P
66231,61833,2834,P
66231,61791,720,B
66688,61875,20825,I
66737,61916,2349,P
66789,61958,2248,P
66838,62000,2053,P
66912,62041,3354,P
66963,62083,2598,P
67045,62250,3390,P
67076,62166,1066,B
67077,62125,637,B
67108,62208,639,B
67161,62416,2685,P
67189,62333,783,B
67190,62291,608,B
67216,62375,455,B
67267,62458,2131,P
67692,62500,20730,I
67744,62541,1744,P
67769,62583,1857,P
67821,62625,1904,P
67872,62666,2084,P
67954,62750,3388,P
67981,62708,864,B
68007,62791,1979,P
68059,62833,2563,P
68137,62875,2719,P
68190,62916,2376,P
68241,62958,2090,P
68318,63000,3723,P
68392,63041,3697,P
68467,63083,3417,P
68937,63125,21822,I
69016,63166,2658,P
69068,63208,2537,P
69120,63250,2399,P
69173,63291,2125,P
69221,63333,2210,P
69246,63375,1941,P
69319,63416,2436,P
69344,63458,1888,P
69395,63500,1795,P
69445,63666,2371,P
69445,63583,756,B
69470,63541,569,B
69470,63625,491,B
69548,63708,2810,P
69785,63750,10336,I
70173,63916,17759,P
70173,63833,211,B
70174,63791,186,B
70174,63875,172,B
70246,64083,2950,P
70247,64000,418,B
70272,63958,349,B
70273,64041,164,B
70347,64250,3348,P
70347,64166,632,B
70372,64125,458,B
70372,64208,297,B
70372,64333,682,P
70396,64291,258,B
70925,64375,23707,I
70976,64500,864,P
70976,64416,199,B
70976,64458,162,B
71224,64666,5384,P
71225,64583,426,B
71225,64541,378,B
71273,64625,311,B
71523,64833,6725,P
71572,64750,1015,B
71625,64708,759,B
71625,64791,472,B
71829,64958,3918,P
71830,64875,799,B
71879,64916,513,B
72879,65000,21961,I
72977,65166,2995,P
73027,65083,823,B
73028,65041,601,B
73078,65125,379,B
73276,65333,5432,P
73326,65250,1046,B
73377,65208,701,B
73377,65291,521,B
73685,65500,6250,P
73737,65416,1125,B
73737,65375,642,B
73786,65458,718,B
74018,65583,4845,P
74070,65541,1157,B
75032,65625,22636,I
75182,65791,3021,P
75231,65708,1188,B
75283,65666,633,B
75284,65750,722,B
75438,65833,2930,P
75590,66000,3744,P
75700,65916,1264,B
75749,65875,803,B
75799,65958,911,B
75995,66166,5034,P
76094,66083,2071,B
76142,66041,1355,B
76194,66125,1192,B
76314,66208,2664,P
77208,66250,20542,I
77358,66333,3631,P
77407,66291,1492,B
77508,66375,2299,P
77658,66541,3640,P
77756,66458,1487,B
77756,66416,765,B
77806,66500,1168,B
77967,66708,3637,P
78077,66625,1594,B
78131,66583,901,B
78132,66666,1023,B
78357,66833,4357,P
78463,66750,1923,B
78512,66791,1246,B
79264,66875,18040,I
79462,67041,4243,P
79512,66958,1462,B
79561,66916,752,B
79561,67000,731,B
79772,67208,3898,P
79832,67125,1421,B
79882,67083,725,B
79883,67166,840,B
80044,67250,3339,P
80265,67375,4262,P
80367,67291,2174,B
80468,67333,2034,B
80615,67458,3823,P
80717,67416,1961,B
81415,67500,16504,I
81638,67625,4641,P
81686,67541,1623,B
81742,67583,1131,B
81849,67666,2616,P
81970,67708,2445,P
82122,67750,2618,P
82272,67916,3697,P
82321,67833,1115,B
82321,67791,650,B
82370,67875,774,B
82469,67958,2359,P
82569,68000,2203,P
82672,68041,2840,P
82772,68083,1760,P
83544,68125,17984,I
83772,68291,4445,P
83875,68208,1774,B
83875,68166,874,B
83927,68250,969,B
84025,68333,2496,P
84123,68375,2395,P
84224,68416,2319,P
84379,68541,3267,P
84428,68458,749,B
84476,68500,921,B
84627,68708,4096,P
84725,68625,1920,B
84778,68583,1042,B
84826,68666,1037,B
85549,68750,16206,I
85793,68833,4812,P
85842,68791,1380,B
85941,68875,3798,P
86051,68916,4221,P
86126,68958,4346,P
86226,69000,4303,P
86327,69041,4787,P
86431,69083,4234,P
86505,69125,3701,P
86606,69250,5246,P
86656,69166,1933,B
86681,69208,1429,B
86757,69291,2813,P
86806,69333,2396,P
87033,69375,11078,I
87354,69541,13319,P
87355,69458,173,B
87382,69416,1009,B
87383,69500,243,B
87459,69708,3255,P
87460,69625,355,B
87460,69583,329,B
87484,69666,167,B
87534,69750,3394,P
87608,69791,3417,P
87683,69958,3475,P
87710,69875,438,B
87710,69833,372,B
87710,69916,182,B
88232,70000,23643,I
88287,70166,1638,P
88287,70083,377,B
88287,70041,288,B
88310,70125,236,B
88437,70333,5807,P
88437,70250,460,B
88437,70208,376,B
88461,70291,275,B
88637,70500,8314,P
88637,70416,590,B
88662,70375,443,B
88662,70458,279,B
88712,70583,2800,P
88735,70541,501,B
89262,70625,23515,I
89339,70708,3251,P
89339,70666,391,B
89416,70750,3402,P
89465,70791,2703,P
89514,70958,1776,P
89515,70875,575,B
89540,70833,347,B
89541,70916,366,B
89564,71125,1257,P
89589,71041,540,B
89590,71000,312,B
89590,71083,285,B
89639,71166,2577,P
89664,71208,857,P
89951,71250,12205,I
90268,71416,14664,P
90268,71333,155,B
90269,71291,153,B
90269,71375,157,B
90343,71583,2826,P
90343,71500,357,B
90367,71458,293,B
90368,71541,166,B
90442,71750,3355,P
90442,71666,347,B
90442,71625,294,B
90442,71708,162,B
90591,71833,6302,P
90591,71791,382,B
91093,71875,22038,I
91119,72041,1458,P
91119,71958,282,B
91144,71916,177,B
91144,72000,170,B
91295,72208,6837,P
91295,72125,474,B
91295,72083,425,B
91320,72166,180,B
91519,72375,9425,P
91520,72291,521,B
91520,72250,463,B
91543,72333,243,B
91624,72458,4202,P
91650,72416,454,B
92150,72500,22171,I
92198,72625,3083,P
92222,72541,399,B
92223,72583,186,B
92371,72791,7595,P
92396,72708,468,B
92396,72666,411,B
92396,72750,185,B
92499,72958,4544,P
92527,72875,492,B
92527,72833,403,B
92527,72916,168,B
92603,73083,2778,P
92603,73000,399,B
92603,73041,324,B
93098,73125,21479,I
93099,73208,1004,P
93124,73166,284,B
93125,73250,719,P
93150,73291,474,P
93150,73333,465,P
93173,73375,404,P
93173,73416,339,P
93401,73500,11102,P
93401,73458,180,B
93481,73666,3136,P
93507,73583,783,B
93507,73541,420,B
93532,73625,434,B
93562,73708,1675,P
93976,73750,18287,I
94051,73916,3440,P
94074,73833,1245,B
94075,73791,627,B
94099,73875,776,B
94151,74041,2073,P
94151,73958,706,B
94175,74000,451,B
94199,74083,1793,P
94253,74125,1780,P
94305,74166,1895,P
94329,74208,1917,P
94382,74250,2652,P
94471,74291,2759,P
94525,74333,2736,P
94854,74375,15381,I
94927,74416,3402,P
95001,74458,3750,P
95100,74541,4620,P
95157,74500,1553,B
95236,74583,3528,P
95336,74625,3479,P
95410,74666,3476,P
95484,74708,3482,P
95557,74750,3480,P
95644,74791,3585,P
95717,74833,3498,P
95793,74875,3393,P
95867,74916,3483,P
95942,74958,3514,P
96240,75000,14019,I
96316,75041,3727,P
96390,75083,3806,P
96466,75125,3584,P
96549,75166,3134,P
96634,75333,3611,P
96666,75250,1552,B
96691,75208,782,B
96719,75291,693,B
96768,75375,2464,P
96818,75416,3008,P
96891,75458,2849,P
96943,75500,2675,P
97145,75583,9239,P
97168,75541,640,B
97426,75625,12567,I
97487,75791,2454,P
97511,75708,1111,B
97539,75666,623,B
97539,75750,582,B
97642,75958,4433,P
97695,75875,1886,B
97718,75833,1028,B
97745,75916,1094,B
97845,76125,4831,P
97869,76041,1534,B
97894,76000,1063,B
97920,76083,834,B
98020,76208,5125,P
98045,76166,1228,B
98596,76250,24441,I
98672,76416,3660,P
98721,76333,1582,B
98746,76291,1287,B
98770,76375,1227,B
98845,76583,3477,P
98869,76500,1693,B
98897,76458,1286,B
98923,76541,1282,B
99022,76750,4572,P
99076,76666,1770,B
99101,76625,1511,B
99125,76708,1318,B
99240,76833,3802,P
99264,76791,1424,B
99774,76875,24178,I
99874,77041,3796,P
99899,76958,1526,B
99925,76916,1201,B
99953,77000,1105,B
100056,77208,4169,P
100087,77125,1884,B
100116,77083,1112,B
100140,77166,1222,B
100248,77375,4453,P
100297,77291,1931,B
100326,77250,1530,B
100350,77333,1394,B
100426,77458,3512,P
100476,77416,1364,B
100971,77500,23632,I
101026,77666,4098,P
101061,77583,1669,B
101078,77541,1314,B
101094,77625,1187,B
101146,77833,4243,P
101180,77750,1881,B
101197,77708,1305,B
101214,77791,1393,B
101279,78000,4372,P
101313,77916,1974,B
101330,77875,1327,B
101346,77958,1202,B
101397,78083,3324,P
101413,78041,1490,B
101749,78125,21738,I
101815,78291,4863,P
101848,78208,2077,B
101864,78166,1519,B
101881,78250,1273,B
101948,78458,4612,P
101981,78375,1688,B
101998,78333,1335,B
102014,78416,1308,B
102085,78625,4374,P
102102,78541,1897,B
102120,78500,1200,B
102159,78583,1500,B
102194,78708,3195,P
102231,78666,1792,B
102531,78750,21738,I
102599,78916,4648,P
102634,78833,1987,B
102650,78791,1175,B
102670,78875,1189,B
102737,79041,4507,P
102760,78958,1737,B
102796,79000,1496,B
102848,79208,4056,P
102883,79125,1680,B
102900,79083,1075,B
102900,79166,925,B
102951,79333,2835,P
102969,79250,1345,B
102985,79291,1364,B
103306,79375,22364,I
103379,79541,4540,P
103417,79458,2047,B
103434,79416,1120,B
103451,79500,1054,B
103519,79708,4475,P
103552,79625,2231,B
103569,79583,1180,B
103586,79666,1327,B
103651,79875,4833,P
103685,79791,1895,B
103702,79750,1314,B
103719,79833,957,B
103769,79916,3475,P
103802,79958,2609,P
104052,80000,16875,I
104103,80125,3505,P
104120,80041,1071,B
104137,80083,932,B
104202,80291,4305,P
104219,80208,1400,B
104236,80166,993,B
104254,80250,1070,B
104321,80458,4936,P
104337,80375,1711,B
104354,80333,1108,B
104370,80416,1213,B
104421,80583,3392,P
104439,80500,1347,B
104456,80541,1183,B
104805,80625,22754,I
104871,80791,4308,P
104889,80708,1792,B
104905,80666,1030,B
104923,80750,1085,B
104990,80958,4451,P
105005,80875,1827,B
105023,80833,1285,B
105059,80916,1206,B
105143,81125,4735,P
105159,81041,1825,B
105176,81000,1241,B
105193,81083,1299,B
105258,81208,4312,P
105275,81166,1023,B
105612,81250,23488,I
105681,81416,4436,P
105697,81333,1497,B
105712,81291,1206,B
105729,81375,948,B
105781,81583,3880,P
105798,81500,1216,B
105814,81458,937,B
105830,81541,757,B
105883,81750,3842,P
105900,81666,1173,B
105916,81625,933,B
105937,81708,791,B
105993,81833,3706,P
106010,81791,865,B
106331,81875,23315,I
106382,82041,2739,P
106398,81958,1070,B
106398,81916,760,B
106415,82000,729,B
106484,82208,4066,P
106484,82125,1069,B
106501,82083,862,B
106523,82166,758,B
106594,82375,4866,P
106615,82291,1375,B
106631,82250,946,B
106649,82333,1044,B
106700,82458,3670,P
106732,82416,1618,B
107034,82500,21204,I
107087,82666,3575,P
107107,82583,1555,B
107124,82541,980,B
107145,82625,936,B
107197,82833,4015,P
107214,82750,1278,B
107232,82708,739,B
107249,82791,669,B
107301,83000,4063,P
107318,82916,1193,B
107334,82875,769,B
107334,82958,670,B
107401,83083,4082,P
107417,83041,755,B
107729,83125,21447,I
107764,83291,2481,P
107781,83208,767,B
107781,83166,490,B
107781,83250,406,B
107852,83458,4713,P
107869,83375,572,B
107869,83333,444,B
107886,83416,264,B
107918,83500,2495,P
107952,83541,2129,P
107968,83583,2155,P
108035,83625,3745,P
108068,83666,3180,P
108100,83708,2206,P
108437,83750,21838,I
108487,83916,3485,P
108504,83833,787,B
108504,83791,647,B
108520,83875,459,B
108603,84083,5797,P
108604,84000,828,B
108619,83958,650,B
108619,84041,587,B
108686,84166,3824,P
108686,84125,693,B
108738,84250,2978,P
108738,84208,566,B
108772,84333,2379,P
108789,84291,555,B
109137,84375,23886,I
109187,84458,2814,P
109188,84416,406,B
109236,84500,3456,P
109289,84541,3153,P
109323,84583,2306,P
109357,84625,2199,P
109373,84666,2069,P
109407,84708,2189,P
109441,84750,1875,P
109483,84916,3022,P
109500,84833,418,B
109501,84791,347,B
109501,84875,163,B
109517,84958,856,P
109822,85000,21090,I
109873,85166,3718,P
109890,85083,413,B
109890,85041,285,B
109890,85125,158,B
109941,85333,3636,P
109958,85250,466,B
109958,85208,399,B
109958,85291,158,B
110008,85500,3518,P
110026,85416,502,B
110026,85375,447,B
110026,85458,188,B
110102,85583,4665,P
110118,85541,510,B
110423,85625,21240,I
110458,85750,2845,P
110475,85666,551,B
110475,85708,326,B
110526,85791,3560,P
110594,85958,4416,P
110612,85875,1189,B
110612,85833,722,B
110629,85916,675,B
110703,86125,4861,P
110720,86041,1389,B
110738,86000,922,B
110754,86083,762,B
110807,86208,3551,P
110823,86166,610,B
111143,86250,22375,I
111161,86375,1249,P
111162,86291,398,B
111162,86333,303,B
111214,86458,2805,P
111215,86416,420,B
111253,86500,2596,P
111288,86541,2244,P
111321,86583,2173,P
111356,86625,2213,P
111392,86666,2153,P
111426,86708,1935,P
111476,86791,4436,P
111492,86750,792,B
111525,86833,2460,P
111854,86875,22609,I
111905,86916,2880,P
111941,86958,2155,P
111958,87000,1711,P
111994,87041,2194,P
112027,87083,2050,P
112060,87125,1833,P
112077,87166,1906,P
112110,87208,1834,P
112126,87250,1595,P
112144,87291,1092,P
112160,87375,1542,P
112177,87333,418,B
112229,87416,3334,P
112262,87458,2648,P
112561,87500,20424,I
112611,87541,2671,P
112645,87583,2548,P
112678,87625,2705,P
112709,87666,2506,P
112762,87708,2501,P
112796,87750,2717,P
112830,87791,2449,P
112864,87833,2822,P
112914,88000,2826,P
112914,87916,568,B
112931,87875,471,B
112931,87958,356,B
112987,88083,3847,P
113004,88041,499,B
113330,88125,22111,I
113380,88166,3325,P
113414,88208,3341,P
113465,88250,3013,P
113499,88291,2782,P
113552,88333,2578,P
113588,88375,2592,P
113625,88416,2708,P
113658,88583,2171,P
113658,88500,425,B
113676,88458,332,B
113677,88541,184,B
113694,88708,709,P
113694,88625,262,B
113695,88666,225,B
113999,88750,21230,I
114050,88875,2929,P
114050,88791,492,B
114050,88833,234,B
114099,88958,2839,P
114100,88916,452,B
114135,89000,2508,P
114190,89041,3007,P
114226,89166,2930,P
114243,89083,577,B
114243,89125,447,B
114296,89208,3388,P
114349,89250,3540,P
114416,89291,3826,P
114433,89333,1807,P
114754,89375,22261,I
114774,89500,1311,P
114792,89416,424,B
114792,89458,305,B
114792,89583,399,P
114792,89541,185,B
114811,89625,317,P
114811,89666,248,P
114827,89708,1592,P
115080,89875,16362,P
115080,89791,192,B
115096,89750,154,B
115097,89833,169,B
115097,89916,222,P
115097,89958,195,P
115261,90000,10980,I
115262,90041,845,P
115304,90083,1591,P
115320,90125,1900,P
115353,90166,1497,P
115369,90208,1853,P
115386,90250,752,P
115402,90291,852,P
115435,90333,2253,P
115451,90375,1989,P
115499,90416,3322,P
115550,90458,3473,P
115601,90500,3635,P
115649,90541,3567,P
115702,90583,3475,P
116026,90625,23585,I
116050,90666,1591,P
116062,90708,1192,P
116076,90750,1870,P
116099,90791,2007,P
116112,90833,1325,P
116125,90875,1228,P
116138,90916,640,P
116138,90958,603,P
116150,91000,465,P
116151,91041,564,P
116163,91083,452,P
116163,91125,546,P
116201,91166,3188,P
116238,91208,3010,P
116501,91250,23702,I
116501,91291,552,P
116513,91333,358,P
116513,91375,376,P
116626,91458,10434,P
116626,91416,241,B
116639,91625,1019,P
116639,91541,254,B
116639,91500,196,B
116651,91583,155,B
116690,91791,3913,P
116690,91708,392,B
116702,91666,333,B
116702,91750,173,B
116742,91833,3322,P
116964,91875,20858,I
116976,91916,1153,P
116988,91958,1203,P
117015,92000,1324,P
117027,92041,1762,P
117039,92083,1303,P
117052,92250,1269,P
117063,92166,312,B
117063,92125,308,B
117064,92208,194,B
117090,92333,1725,P
117091,92291,371,B
117129,92375,2945,P
117153,92416,3230,P
117166,92458,753,P
117402,92500,21333,I
117441,92666,3621,P
117453,92583,446,B
117453,92541,303,B
117454,92625,153,B
117478,92833,2698,P
117490,92750,490,B
117490,92708,366,B
117490,92791,254,B
117553,92958,5395,P
117567,92875,562,B
117567,92916,294,B
117604,93000,3560,P
117644,93041,3123,P
117658,93083,1393,P
117879,93125,20732,I
117916,93166,3408,P
117953,93208,3061,P
117992,93291,3155,P
117992,93250,500,B
118030,93333,3664,P
118070,93375,2841,P
118082,93541,1195,P
118082,93458,403,B
118083,93416,267,B
118095,93500,228,B
118138,93708,4112,P
118150,93625,512,B
118150,93583,433,B
118150,93666,208,B
118391,93750,21578,I
118430,93875,3693,P
118431,93791,436,B
118431,93833,153,B
118494,94041,5542,P
118507,93958,482,B
118508,93916,394,B
118508,94000,196,B
118559,94208,4435,P
118560,94125,504,B
118576,94083,428,B
118577,94166,202,B
118615,94333,4000,P
118628,94250,560,B
118628,94291,331,B
118856,94375,20906,I
118881,94541,2773,P
118895,94458,765,B
118895,94416,424,B
118908,94500,564,B
118973,94708,6494,P
118986,94625,593,B
118986,94583,471,B
118999,94666,269,B
119039,94791,4134,P
119053,94750,573,B
119119,94916,5946,P
119119,94833,676,B
119132,94875,434,B
119144,94958,1634,P
119372,95000,20981,I
119396,95041,2501,P
119425,95083,1471,P
119439,95125,1407,P
119452,95166,1257,P
119467,95208,1133,P
119479,95250,1113,P
119493,95291,1222,P
119505,95333,1208,P
119518,95375,1127,P
119530,95416,1109,P
119542,95458,1084,P
119583,95500,3919,P
119620,95541,3480,P
119658,95583,3738,P
119904,95625,22057,I
119930,95666,2379,P
119956,95708,2037,P
119982,95750,1962,P
119997,95791,1870,P
120021,95833,1780,P
120034,95875,1790,P
120057,95916,1941,P
120084,95958,1817,P
120109,96000,2219,P
120134,96041,2646,P
120160,96083,2136,P
120172,96125,2050,P
120210,96166,3003,P
120236,96208,2403,P
120485,96250,21863,I
120510,96291,2714,P
120535,96333,2280,P
120561,96416,2580,P
120573,96375,672,B
120623,96541,4764,P
120636,96458,1085,B
120636,96500,662,B
120675,96708,3405,P
120699,96625,1365,B
120699,96583,719,B
120712,96666,715,B
120737,96750,3085,P
120794,96791,3666,P
120820,96833,3214,P
121049,96875,20668,I
121087,97000,3395,P
121088,96916,665,B
121100,96958,556,B
121151,97166,4486,P
121163,97083,1078,B
121163,97041,672,B
121175,97125,564,B
121204,97208,2810,P
121245,97250,2688,P
121271,97291,2580,P
121297,97333,2731,P
121324,97458,2013,P
121325,97375,618,B
121337,97416,516,B
121565,97500,21442,I
121602,97541,2934,P
121627,97583,2582,P
121668,97708,3355,P
121668,97625,723,B
121682,97666,419,B
121736,97875,4407,P
121737,97791,696,B
121748,97750,515,B
121748,97833,462,B
121801,98041,4216,P
121801,97958,862,B
121813,97916,620,B
121826,98000,553,B
121849,98083,2733,P
122094,98125,22276,I
122121,98291,2490,P
122135,98208,563,B
122135,98166,471,B
122135,98250,386,B
122198,98458,5040,P
122199,98375,604,B
122214,98333,586,B
122214,98416,333,B
122276,98625,6117,P
122288,98541,849,B
122302,98500,700,B
122302,98583,531,B
122339,98708,3919,P
122351,98666,791,B
122599,98750,22028,I
122636,98916,3922,P
122653,98833,649,B
122653,98791,591,B
122664,98875,386,B
122753,99083,8715,P
122765,99000,731,B
122765,98958,665,B
122777,99041,513,B
122802,99250,2241,P
122803,99166,661,B
122815,99125,573,B
122815,99208,468,B
122840,99333,1655,P
122840,99291,580,B
123075,99375,21405,I
123091,99500,805,P
123103,99416,397,B
123103,99458,319,B
123104,99666,416,P
123116,99583,340,B
123116,99541,312,B
123116,99625,299,B
123154,99708,3471,P
123330,99875,15967,P
123331,99791,311,B
123331,99750,275,B
123331,99833,238,B
123343,99916,300,P
123343,99958,285,P
123463,100000,10498,I
123475,100041,756,P
123487,100125,1189,P
123487,100083,211,B
123513,100291,2830,P
123526,100208,441,B
123526,100166,310,B
123526,100250,202,B
123605,100375,6990,P
123616,100333,387,B
123667,100458,5649,P
123680,100416,415,B
123730,100541,4619,P
123731,100500,432,B
123770,100583,3497,P
124005,100625,21141,I
124031,100750,2525,P
124043,100666,457,B
124043,100708,293,B
124094,100875,5225,P
124106,100791,517,B
124106,100833,293,B
124118,100958,1011,P
124118,100916,289,B
124143,101000,1704,P
124170,101125,1995,P
124170,101041,450,B
124170,101083,250,B
124208,101208,3298,P
124208,101166,455,B
124458,101250,21424,I
124470,101375,1780,P
124482,101291,448,B
124482,101333,233,B
124532,101541,4770,P
124532,101458,596,B
124543,101416,378,B
124544,101500,336,B
124593,101708,4732,P
124608,101625,1263,B
124619,101583,832,B
124633,101666,815,B
124697,101791,6474,P
124722,101750,1630,B
124761,101833,3271,P
125006,101875,21159,I
125043,102000,3949,P
125054,101916,1161,B
125067,101958,828,B
125104,102083,4425,P
125116,102041,420,B
125141,102125,2974,P
125185,102166,2678,P
125210,102208,2387,P
125234,102250,2557,P
125259,102375,2529,P
125271,102291,442,B
125271,102333,268,B
125297,102458,2659,P
125297,102416,396,B
125549,102500,22445,I
125561,102583,1756,P
125562,102541,349,B
125610,102625,4404,P
125648,102666,3633,P
125687,102833,3602,P
125699,102750,552,B
125699,102708,417,B
125699,102791,229,B
125748,103000,3632,P
125749,102916,534,B
125749,102875,399,B
125766,102958,243,B
125799,103083,3018,P
125810,103041,440,B
126025,103125,20302,I
126062,103208,3512,P
126062,103166,375,B
126100,103250,3664,P
126139,103291,3352,P
126190,103333,3710,P
126236,103500,3829,P
126237,103416,518,B
126249,103375,409,B
126249,103458,195,B
126301,103666,4778,P
126301,103583,583,B
126314,103541,482,B
126314,103625,245,B
126325,103708,480,P
126539,103750,20829,I
126550,103916,736,P
126550,103833,388,B
126550,103791,212,B
126565,103875,190,B
126670,103958,9201,P
126670,104000,1095,P
126687,104041,1139,P
126700,104083,1006,P
126713,104125,965,P
126726,104166,895,P
126753,104208,1750,P
126765,104250,1741,P
126789,104291,2421,P
126804,104333,1391,P
127016,104375,19797,I
127041,104416,1694,P
127054,104458,1425,P
127068,104500,1718,P
127093,104541,2008,P
127121,104583,1930,P
127139,104625,1918,P
127164,104666,1978,P
127191,104708,1905,P
127217,104750,2069,P
127228,104791,1945,P
127255,104833,1952,P
127293,104875,3011,P
127316,104916,3435,P
127354,104958,2954,P
127601,105000,21998,I
127642,105041,3194,P
127654,105083,2192,P
127680,105125,2080,P
127707,105166,2095,P
127732,105208,2005,P
127744,105250,1897,P
127769,105291,2107,P
127793,105333,2264,P
127818,105375,2204,P
127855,105541,3782,P
127882,105458,2219,B
127894,105416,1224,B
127906,105500,1284,B
127945,105583,3046,P
128183,105625,21682,I
128220,105666,3082,P
128257,105708,3084,P
128281,105750,2601,P
128306,105791,2280,P
128333,105833,2103,P
128357,105875,2227,P
128383,105916,2547,P
128409,105958,2733,P
128448,106000,2824,P
128489,106041,3499,P
128515,106083,3005,P
128556,106166,3730,P
128581,106125,1584,B
128608,106208,2661,P
128822,106250,19617,I
128847,106291,2527,P
128872,106333,2452,P
128898,106375,2686,P
128941,106500,3508,P
128968,106416,1352,B
128979,106458,1225,B
129007,106583,2831,P
129020,106541,1158,B
129045,106625,2281,P
129071,106708,2287,P
129086,106666,1039,B
129122,106791,3492,P
129135,106750,1409,B
129159,106833,2364,P
129419,106875,23186,I
129445,106916,2339,P
129471,106958,2268,P
129497,107000,2573,P
129537,107041,3027,P
129561,107125,2722,P
129574,107083,1026,B
129598,107208,2773,P
129610,107166,1071,B
129648,107333,2616,P
129648,107250,1034,B
129660,107291,1013,B
129711,107458,3822,P
129724,107375,1343,B
129736,107416,1224,B
130013,107500,24234,I
130025,107541,2184,P
130075,107708,4024,P
130087,107625,1588,B
130098,107583,780,B
130111,107666,1282,B
130149,107791,3860,P
130174,107750,1629,B
130214,107833,4281,P
130265,107958,3985,P
130277,107875,1808,B
130308,107916,1411,B
130334,108000,2629,P
130374,108041,3610,P
130400,108083,2022,P
130627,108125,21515,I
130653,108166,2618,P
130689,108333,2672,P
130704,108250,1286,B
130716,108208,875,B
130717,108291,868,B
130742,108375,1939,P
130799,108541,4885,P
130825,108458,2279,B
130837,108416,1176,B
130864,108500,1782,B
130903,108583,3895,P
130952,108625,4262,P
130983,108666,4333,P
131013,108708,2822,P
131222,108750,23273,I
131243,108791,2647,P
131275,108875,3190,P
131285,108833,1264,B
131324,109041,4698,P
131334,108958,1483,B
131344,108916,1142,B
131354,109000,1266,B
131373,109208,2392,P
131383,109125,1254,B
131394,109083,1024,B
131404,109166,985,B
131414,109333,1137,P
131424,109250,707,B
131435,109291,1029,B
131635,109375,22845,I
131656,109541,2634,P
131666,109458,1262,B
131675,109416,977,B
131685,109500,980,B
131705,109666,1582,P
131705,109583,676,B
131715,109625,865,B
131745,109791,3791,P
131755,109708,1180,B
131774,109750,1604,B
131816,109916,4779,P
131837,109833,2571,B
131857,109875,2076,B
131892,109958,3689,P
132096,110000,23914,I
132125,110041,3453,P
132157,110125,3244,P
132167,110083,1189,B
132188,110208,2913,P
132198,110166,968,B
132229,110291,2885,P
132243,110250,1103,B
132264,110458,3097,P
132274,110375,1178,B
132284,110333,949,B
132293,110416,882,B
132315,110583,2222,P
132325,110500,650,B
132325,110541,959,B
132529,110625,23496,I
132559,110708,2697,P
132569,110666,1204,B
132593,110875,2669,P
132603,110791,1233,B
132615,110750,992,B
132625,110833,969,B
132656,111041,3247,P
132666,110958,1500,B
132676,110916,1037,B
132688,111000,1014,B
132708,111125,3123,P
132728,111083,1590,B
132757,111166,3893,P
132787,111208,3535,P
132996,111250,23465,I
133027,111291,3625,P
133059,111375,3584,P
133079,111333,1556,B
133117,111458,4898,P
133128,111416,1436,B
133159,111500,2745,P
133179,111583,3210,P
133188,111541,1396,B
133220,111666,2930,P
133229,111625,1229,B
133250,111708,2240,P
133270,111750,2490,P
133295,111791,2699,P
133315,111833,1887,P
133488,111875,19419,I
133509,111916,3293,P
133539,111958,3201,P
133569,112000,3022,P
133611,112125,4773,P
133620,112041,1772,B
133645,112083,1366,B
133677,112208,4487,P
133698,112166,1942,B
133739,112291,4309,P
133761,112250,2018,B
133790,112416,4039,P
133810,112333,1847,B
133820,112375,1586,B
133850,112458,3551,P
133941,112500,10762,I
133961,112583,2039,P
133972,112541,742,B
134160,112750,21703,P
134169,112666,842,B
134169,112625,474,B
134180,112708,644,B
134200,112916,1873,P
134200,112833,1003,B
134210,112791,734,B
134221,112875,577,B
134231,113000,1780,P
134240,112958,713,B
134250,113083,1663,P
134262,113041,853,B
134472,113125,23289,I
134491,113291,2759,P
134500,113208,1205,B
134511,113166,658,B
134521,113250,852,B
134551,113375,3962,P
134561,113333,939,B
134591,113458,3303,P
134591,113416,809,B
134622,113625,3676,P
134631,113541,1076,B
134642,113500,865,B
134653,113583,630,B
134683,113666,3435,P
134707,113708,2326,P
134891,113750,21805,I
134921,113875,3674,P
134932,113791,962,B
134942,113833,553,B
134963,113916,2344,P
134981,113958,2151,P
135013,114125,3320,P
135023,114041,1093,B
135032,114000,671,B
135043,114083,597,B
135063,114166,2298,P
135091,114291,4022,P
135102,114208,793,B
135102,114250,666,B
135112,114333,1402,P
135327,114375,23661,I
135337,114541,1351,P
135337,114458,581,B
135347,114416,385,B
135347,114500,293,B
135386,114708,5269,P
135397,114625,834,B
135407,114583,671,B
135407,114666,461,B
135456,114875,6133,P
135465,114791,949,B
135476,114750,790,B
135476,114833,482,B
135505,114916,3560,P
135527,114958,2343,P
135738,115000,22992,I
135758,115125,2593,P
135768,115041,620,B
135769,115083,445,B
135796,115166,2658,P
135848,115333,6543,P
135857,115250,1019,B
135870,115208,859,B
135870,115291,623,B
135889,115500,2253,P
135899,115416,901,B
135910,115375,654,B
135910,115458,644,B
135944,115583,2844,P
135944,115541,809,B
136137,115625,21834,I
136159,115791,2563,P
136168,115708,920,B
136177,115666,542,B
136178,115750,600,B
136210,115833,3401,P
136240,115875,3045,P
136272,116041,3439,P
136285,115958,1389,B
136285,115916,791,B
136295,116000,904,B
136357,116208,6274,P
136368,116125,1716,B
136378,116083,1274,B
136387,116166,1008,B
136579,116250,22510,I
136613,116416,3220,P
136625,116333,1086,B
136636,116291,824,B
136636,116375,661,B
136667,116583,3470,P
136677,116500,1198,B
136687,116458,642,B
136687,116541,645,B
136709,116625,2130,P
136758,116791,5542,P
136768,116708,1389,B
136779,116666,739,B
136789,116750,846,B
136799,116833,2057,P
136997,116875,21807,I
137007,116916,1547,P
137027,116958,1557,P
137037,117000,1639,P
137058,117041,2227,P
137079,117083,1756,P
137089,117125,1710,P
137109,117166,2051,P
137129,117208,2060,P
137139,117250,1704,P
137159,117291,1713,P
137180,117416,2324,P
137180,117333,867,B
137190,117375,586,B
137199,117458,1599,P
137399,117500,21913,I
137428,117625,3300,P
137429,117541,702,B
137440,117583,507,B
137469,117791,3586,P
137479,117708,796,B
137479,117666,526,B
137479,117750,377,B
137498,117958,1309,P
137499,117875,646,B
137499,117833,434,B
137509,117916,283,B
137560,118083,6346,P
137561,118000,211,B
137569,118041,158,B
137709,118125,16126,I
137739,118291,2946,P
137739,118208,701,B
137750,118166,391,B
137750,118250,597,B
137790,118458,3755,P
137800,118375,1304,B
137800,118333,805,B
137810,118416,997,B
137860,118625,5856,P
137880,118541,1622,B
137891,118500,1011,B
137891,118583,928,B
137931,118708,4697,P
137941,118666,1047,B
138141,118750,22287,I
138181,118916,3792,P
138191,118833,1261,B
138191,118791,861,B
138201,118875,788,B
138230,119083,3908,P
138251,119000,1375,B
138251,118958,845,B
138262,119041,1130,B
138313,119250,5285,P
138334,119166,2156,B
138344,119125,1417,B
138355,119208,1370,B
138400,119333,4883,P
138421,119291,1732,B
138623,119375,23839,I
138653,119458,3707,P
138663,119416,1171,B
138705,119541,3983,P
138718,119500,1019,B
138749,119625,4188,P
138759,119583,849,B
138800,119791,4738,P
138812,119708,1049,B
138822,119666,807,B
138822,119750,640,B
138863,119958,4027,P
138873,119875,871,B
138873,119833,736,B
138882,119916,630,B
139056,120000,20038,I
139079,120166,2065,P
139079,120083,854,B
139091,120041,687,B
139101,120125,655,B
139142,120333,4650,P
139142,120250,1120,B
139152,120208,758,B
139162,120291,840,B
139203,120500,4293,P
139204,120416,827,B
139214,120375,862,B
139224,120458,561,B
139243,120583,2628,P
139243,120541,678,B
139462,120625,23781,I
139472,120791,1443,P
139483,120708,711,B
139483,120666,532,B
139483,120750,382,B
139493,120833,337,P
139595,120916,11869,P
139595,120875,154,B
139614,120958,1922,P
139633,121125,2978,P
139644,121041,1106,B
139654,121000,781,B
139664,121083,740,B
139684,121208,2741,P
139695,121166,962,B
139895,121250,22897,I
139926,121416,3653,P
139946,121333,1525,B
139946,121291,841,B
139956,121375,1113,B
139994,121583,4627,P
140015,121500,1411,B
140015,121458,1013,B
140025,121541,891,B
140056,121708,3645,P
140076,121625,1319,B
140076,121666,1077,B
140129,121833,4975,P
140139,121750,1362,B
140152,121791,1133,B
140355,121875,23088,I
140386,122041,3790,P
140396,121958,1259,B
140406,121916,776,B
140407,122000,904,B
140449,122208,3951,P
140460,122125,1007,B
140461,122083,802,B
140468,122166,687,B
140502,122291,3345,P
140513,122250,843,B
140556,122458,5038,P
140566,122375,1190,B
140575,122333,796,B
140575,122416,850,B
140777,122500,23256,I
140808,122666,3424,P
140819,122583,1309,B
140829,122541,770,B
140840,122625,980,B
140884,122833,4588,P
140893,122750,1881,B
140905,122708,1249,B
140925,122791,1225,B
140956,123000,3538,P
140965,122916,1852,B
140977,122875,1322,B
140997,122958,1355,B
141025,123083,4637,P
141046,123041,1643,B
141245,123125,22719,I
141276,123291,3298,P
141286,123208,1210,B
141296,123166,927,B
141306,123250,844,B
141327,123458,2137,P
141327,123375,1003,B
141338,123333,738,B
141347,123416,805,B
141478,123500,15255,P
141500,123541,2114,P
141520,123583,2381,P
141540,123625,2266,P
141553,123666,1950,P
141565,123708,1192,P
141748,123750,20788,I
141767,123875,2233,P
141778,123791,847,B
141778,123833,689,B
141798,123916,2027,P
141818,123958,1870,P
141828,124000,956,P
141841,124041,1701,P
141850,124083,1495,P
141872,124125,1578,P
141881,124166,1575,P
141904,124208,1996,P
141937,124250,3552,P
141966,124291,3850,P
141987,124333,2157,P
142189,124375,23818,I
142201,124416,1381,P
142210,124458,1153,P
142232,124500,1333,P
142242,124541,1457,P
142255,124583,1727,P
142276,124625,2070,P
142296,124666,2366,P
142318,124708,2036,P
142338,124750,1886,P
142347,124791,1394,P
142357,124833,928,P
142368,124875,1254,P
142389,124916,3094,P
142408,124958,1298,P
142616,125000,23878,I
142637,125041,1913,P
142648,125083,2038,P
142698,125208,5158,P
142698,125125,499,B
142698,125166,310,B
142719,125375,2185,P
142729,125291,497,B
142729,125250,356,B
142729,125333,310,B
142760,125541,3063,P
142769,125458,1186,B
142778,125416,683,B
142779,125500,825,B
142799,125583,1784,P
143009,125625,23692,I
143039,125708,3580,P
143049,125666,713,B
143069,125791,3006,P
143078,125750,589,B
143100,125833,2057,P
143110,125875,1881,P
143130,125916,1836,P
143140,125958,1727,P
143160,126000,1631,P
143179,126041,2089,P
143191,126083,1806,P
143221,126125,3091,P
143253,126166,3793,P
143274,126208,2307,P
143480,126250,23651,I
143501,126291,2304,P
143521,126333,2023,P
143540,126375,2161,P
143562,126416,2154,P
143571,126458,2067,P
143593,126500,2087,P
143614,126541,2001,P
143635,126583,2206,P
143654,126666,1867,P
143655,126625,397,B
143667,126750,1355,P
143667,126708,373,B
143699,126791,2788,P
143710,126833,1903,P
143831,126875,13665,I
143954,127000,13842,P
143954,126916,689,B
143964,126958,573,B
143996,127166,3066,P
143996,127083,761,B
144006,127041,563,B
144006,127125,452,B
144039,127333,3248,P
144050,127250,841,B
144050,127208,637,B
144061,127291,496,B
144091,127458,4100,P
144101,127375,893,B
144112,127416,675,B
144314,127500,23737,I
144336,127625,2411,P
144346,127541,605,B
144346,127583,612,B
144390,127791,4494,P
144400,127708,1437,B
144411,127666,875,B
144421,127750,957,B
144473,127958,5924,P
144481,127875,1553,B
144492,127833,1056,B
144503,127916,873,B
144542,128083,4769,P
144553,128000,1271,B
144564,128041,964,B
144771,128125,24020,I
144792,128250,2247,P
144802,128166,761,B
144802,128208,567,B
144853,128416,4889,P
144853,128333,741,B
144864,128291,728,B
144864,128375,511,B
144914,128583,5280,P
144922,128500,1007,B
144923,128458,751,B
144933,128541,526,B
144954,128708,1900,P
144955,128625,732,B
144963,128666,584,B
145168,128750,22863,I
145188,128916,2363,P
145198,128833,667,B
145198,128791,366,B
145210,128875,445,B
145228,128958,2688,P
145250,129000,1933,P
145260,129041,2060,P
145270,129083,1227,P
145290,129125,1984,P
145312,129166,1701,P
145322,129208,2014,P
145353,129250,3111,P
145393,129291,4044,P
145413,129333,2581,P
145611,129375,24022,I
145631,129541,2077,P
145631,129458,484,B
145641,129416,241,B
145641,129500,376,B
145687,129708,5101,P
145702,129625,1032,B
145713,129583,674,B
145713,129666,495,B
145754,129791,4123,P
145754,129750,461,B
145783,129875,3028,P
145783,129833,444,B
145793,129958,692,P
145794,129916,241,B