ptsMs,latencyMs,frameType
11791,173,P
11833,170,P
11875,175,I
11916,176,B
11958,174,B
12000,176,B
12041,178,P
12083,177,B
12125,184,B
12166,184,B
12208,188,P
12250,187,B
12291,186,B
12333,540,B
12375,542,P
12416,542,B
12458,540,P
12500,545,I
12541,543,B
12583,547,B
12625,548,B
12666,542,P
12708,542,B
12750,543,B
12791,549,B
12833,548,P
12875,546,B
12916,545,B
12958,542,B
13000,545,P
13041,703,B
13083,705,P
13125,704,I
13166,708,B
13208,708,B
13250,707,B
13291,705,P
13333,712,B
13375,711,B
13416,708,B
13458,707,P
13500,705,B
13541,712,B
13583,1528,B
13625,1532,P
13666,1528,B
13708,1537,P
13750,1536,I
13791,1533,B
13833,1532,B
13875,1530,B
13916,1536,P
13958,1534,B
14000,1534,B
14041,1532,B
14083,1530,P
14125,1529,B
14166,1534,B
14208,1533,B
14250,1532,P
14291,2273,B
14333,2279,P
14375,2278,I
14416,2277,B
14458,2274,B
14500,2281,B
14541,2280,P
14583,2278,B
14625,2276,B
14666,2275,B
14708,2280,P
14750,2279,B
14791,2277,B
14833,2276,B
14875,2274,P
14916,3008,B
14958,3014,P
15000,3014,I
15041,3011,B
15083,3010,B
15125,3015,B
15166,3015,P
15208,3012,B
15250,3012,B
15291,3009,B
15333,3016,P
15375,3015,B
15416,3012,B
15458,3010,B
15500,3018,P
15541,3213,B
15583,3221,P
15625,3220,I
15666,3218,B
15708,3215,B
15750,3215,B
15791,3221,P
15833,3219,B
15875,3219,B
15916,3216,P
15958,3214,P
16000,3222,P
16041,3220,B
16083,3218,B
16125,3217,B
16166,4840,P
16208,4844,P
16250,4840,I
16291,4849,B
16333,4847,B
16375,4846,B
16416,4844,P
16458,4840,P
16500,4850,P
16541,4847,P
16583,4845,B
16625,4845,P
16666,4843,B
16708,4848,P
16750,4848,B
16791,4846,B
16833,4843,P
16875,4842,I
16916,4839,B
16958,4846,B
17000,4845,P
17041,4843,B
17083,4841,B
17125,4848,B
17166,4845,P
17208,4845,B
17250,4842,B
17291,4840,B
17333,4845,P
17375,4846,P
17416,4843,B
17458,4843,P
17500,4844,I
17541,4845,B
17583,4841,P
17625,4842,P
17666,4842,P
17708,4842,P
17750,4842,P
17791,4840,P
17833,4840,P
17875,4840,P
17916,4848,P
17958,4840,P
18000,4841,B
18041,4842,B
18083,4840,P
18125,4848,I
18166,4846,P
18208,4840,P
18250,4841,B
18291,4840,B
18333,4840,B
18375,4846,P
18416,4844,P
18458,4842,P
18500,4841,B
18541,4848,P
18583,4846,B
18625,4844,P
18666,4841,P
18708,4848,P
18750,4840,I
18791,4845,B
18833,4843,B
18875,4842,B
18916,4848,P
18958,4846,B
19000,4845,B
19041,4843,B
19083,4842,P
19125,4848,B
19166,4846,B
19208,4844,B
19250,4843,P
19291,4850,B
19333,4847,P
19375,4846,I
19416,4844,B
19458,4841,B
19500,4849,B
19541,4847,P
19583,4844,B
19625,4845,P
19666,4843,P
19708,4848,P
19750,4847,P
19791,4845,P
19833,4844,B
19875,4842,B
19916,4845,P
19958,4844,P
20000,4845,I
20041,4843,P
20083,4841,B
20125,4843,P
20166,4844,B
20208,4842,P
20250,4843,B
20291,4840,P
20333,4843,B
20375,4840,P
20416,4842,P
20458,4841,P
20500,4840,P
20541,4840,B
20583,4846,P
20625,4840,I
20666,4842,B
20708,4840,B
20750,4847,B
20791,4845,P
20833,4839,P
20875,4842,P
20916,4840,B
20958,4847,P
21000,4845,B
21041,4843,B
21083,4841,P
21125,4848,P
21166,4846,P
21208,4844,P
21250,4844,I
21291,4849,P
21333,4848,P
21375,4846,B
21416,4844,P
21458,4842,B
21500,4841,B
21541,4847,B
21583,4844,P
21625,4844,B
21666,4842,B
21708,4847,B
21750,4847,P
21791,4845,B
21833,4843,P
21875,4842,I
21916,4848,B
21958,4844,P
22000,4845,P
22041,4843,B
22083,4842,B
22125,4846,B
22166,4844,P
22208,4844,B
22250,4842,P
22291,4841,P
22333,4842,B
22375,4842,B
22416,4844,B
22458,4841,P
22500,4841,I
22541,4841,P
22583,4846,P
22625,4842,P
22666,4841,P
22708,4842,P
22750,4847,B
22791,4845,B
22833,4839,P
22875,4841,B
22916,4840,B
22958,4846,B
23000,4845,P
23041,4843,B
23083,4841,P
23125,4840,I
23166,4846,B
23208,4844,B
23250,4843,B
23291,4841,P
23333,4847,B
23375,4846,B
23416,4844,B
23458,4842,P
23500,4849,B
23541,4848,B
23583,4845,B
23625,4844,P
23666,4876,B
23708,4881,P
23750,4879,I
23791,4876,B
23833,4883,B
23875,4882,B
23916,4879,P
23958,4878,B
24000,4878,B
24041,4883,B
24083,4881,P
24125,4881,B
24166,4878,B
24208,4876,B
24250,4883,P
24291,5093,B
24333,5093,P
24375,5101,I
24416,5093,B
24458,5099,B
24500,5097,B
24541,5095,P
24583,5101,B
24625,5100,B
24666,5098,B
24708,5096,P
24750,5095,B
24791,5101,B
24833,5099,B
24875,5098,P
24916,5319,B
24958,5326,P
25000,5326,I
25041,5318,B
25083,5321,B
25125,5320,B
25166,5326,P
25208,5324,B
25250,5324,B
25291,5321,B
25333,5328,P
25375,5326,B
25416,5324,B
25458,5322,B
25500,5322,P
25541,5519,B
25583,5525,P
25625,5519,I
25666,5522,B
25708,5520,B
25750,5528,B
25791,5525,P
25833,5524,B
25875,5522,B
25916,5521,B
25958,5527,P
26000,5525,B
26041,5523,B
26083,5522,B
26125,5529,P
26166,5697,B
26208,5700,P
26250,5698,I
26291,5697,B
26333,5703,B
26375,5701,B
26416,5696,P
26458,5698,B
26500,5706,B
26541,5703,B
26583,5701,P
26625,5700,B
26666,5698,B
26708,5703,B
26750,5703,P
26791,5878,B
26833,5884,P
26875,5879,I
26916,5879,B
26958,5886,B
27000,5885,B
27041,5877,P
27083,5882,B
27125,5879,B
27166,5885,B
27208,5884,P
27250,5883,B
27291,5882,B
27333,5878,B
27375,5886,P
27416,6057,B
27458,6057,P
27500,6057,I
27541,6063,B
27583,6061,B
27625,6059,B
27666,6057,P
27708,6065,B
27750,6058,B
27791,6061,B
27833,6059,P
27875,6057,B
27916,6064,B
27958,6062,B
28000,6061,P
28041,6217,B
28083,6217,P
28125,6225,I
28166,6217,B
28208,6221,B
28250,6219,B
28291,6226,P
28333,6216,B
28375,6222,B
28416,6220,B
28458,6218,P
28500,6225,B
28541,6223,B
28583,6220,B
28625,6221,P
28666,6400,B
28708,6409,P
28750,6407,I
28791,6405,B
28833,6404,B
28875,6402,B
28916,6409,P
28958,6407,B
29000,6405,B
29041,6403,B
29083,6402,P
29125,6409,B
29166,6406,B
29208,6405,B
29250,6402,P
29291,6602,B
29333,6608,P
29375,6606,I
29416,6603,B
29458,6601,B
29500,6609,B
29541,6607,P
29583,6606,B
29625,6604,B
29666,6611,B
29708,6609,P
29750,6607,B
29791,6605,B
29833,6604,B
29875,6610,P
29916,6821,B
29958,6822,P
30000,6830,I
30041,6827,B
30083,6824,B
30125,6824,B
30166,6831,P
30208,6829,B
30250,6827,B
30291,6825,B
30333,6824,P
30375,6831,B
30416,6828,B
30458,6827,B
30500,6825,P
30541,7003,B
30583,7005,P
30625,7003,I
30666,7011,B
30708,7008,B
30750,7007,B
30791,7005,P
30833,7011,B
30875,7010,B
30916,7008,B
30958,7006,P
31000,7005,B
31041,7012,B
31083,7009,B
31125,7008,P
31166,7181,B
31208,7188,P
31250,7188,I
31291,7182,B
31333,7183,B
31375,7181,B
31416,7188,P
31458,7180,B
31500,7186,B
31541,7183,B
31583,7190,P
31625,7188,B
31666,7186,B
31708,7184,B
31750,7183,P
31791,7425,B
31833,7427,P
31875,7425,I
31916,7432,B
31958,7430,B
32000,7429,P
32041,7427,B
32083,7434,B
32125,7433,B
32166,7430,P
32208,7428,B
32250,7427,B
32291,7434,P
32333,7432,B
32375,7431,P
32416,7688,B
32458,7689,P
32500,7688,I
32541,7696,B
32583,7692,P
32625,7692,B
32666,7690,B
32708,7697,P
32750,7695,B
32791,7693,P
32833,7691,B
32875,7690,P
32916,7697,B
32958,7694,B
33000,7694,B
33041,7992,P
33083,7993,P
33125,8000,I
33166,7992,B
33208,7996,B
33250,7995,B
33291,8001,P
33333,7999,B
33375,7998,B
33416,7996,B
33458,7995,P
33500,7993,B
33541,8000,B
33583,7998,B
33625,7996,P
33666,8191,B
33708,8191,P
33750,8199,I
33791,8191,B
33833,8195,B
33875,8192,B
33916,8192,P
33958,8198,B
34000,8197,B
34041,8196,B
34083,8193,P
34125,8192,B
34166,8198,B
34208,8197,B
34250,8195,P
34291,8353,B
34333,8359,P
34375,8358,I
34416,8356,B
34458,8354,B
34500,8361,B
34541,8359,P
34583,8358,B
34625,8356,B
34666,8355,B
34708,8361,P
34750,8359,B
34791,8357,B
34833,8356,B
34875,8363,P
34916,8490,B
34958,8490,P
35000,8493,I
35041,8491,B
35083,8498,B
35125,8490,B
35166,8494,P
35208,8492,B
35250,8491,B
35291,8497,B
35333,8495,P
35375,8495,B
35416,8492,B
35458,8498,B
35500,8497,P
35541,8651,B
35583,8653,P
35625,8661,I
35666,8659,B
35708,8657,B
35750,8655,B
35791,8653,P
35833,8659,B
35875,8658,B
35916,8657,B
35958,8654,P
36000,8653,B
36041,8659,B
36083,8658,B
36125,8656,P
36166,8808,B
36208,8812,P
36250,8809,I
36291,8809,B
36333,8815,B
36375,8814,B
36416,8807,P
36458,8810,B
36500,8809,B
36541,8815,B
36583,8813,P
36625,8813,B
36666,8810,B
36708,8808,B
36750,8815,P
36791,8928,B
36833,8931,P
36875,8929,I
36916,8936,B
36958,8934,B
37000,8934,B
37041,8931,P
37083,8930,B
37125,8936,B
37166,8934,B
37208,8933,P
37250,8932,B
37291,8929,B
37333,8935,B
37375,8935,P
37416,9064,B
37458,9064,P
37500,9064,I
37541,9066,B
37583,9069,B
37625,9068,B
37666,9065,P
37708,9072,B
37750,9071,B
37791,9069,B
37833,9067,P
37875,9066,B
37916,9072,B
37958,9071,B
38000,9070,P
38041,9228,B
38083,9233,P
38125,9233,I
38166,9230,B
38208,9237,B
38250,9235,B
38291,9234,P
38333,9232,B
38375,9230,B
38416,9237,B
38458,9234,P
38500,9233,B
38541,9232,B
38583,9238,B
38625,9237,P
38666,9365,B
38708,9368,P
38750,9366,I
38791,9373,B
38833,9372,B
38875,9371,B
38916,9368,P
38958,9366,B
39000,9374,B
39041,9371,B
39083,9369,P
39125,9369,B
39166,9374,B
39208,9372,B
39250,9372,P
39291,9502,B
39333,9502,P
39375,9503,I
39416,9502,B
39458,9506,B
39500,9502,B
39541,9503,P
39583,9509,B
39625,9508,B
39666,9507,B
39708,9504,P
39750,9503,B
39791,9509,B
39833,9507,B
39875,9506,P
39916,9640,B
39958,9640,P
40000,9645,I
40041,9642,B
40083,9640,B
40125,9641,B
40166,9646,P
40208,9639,B
40250,9643,B
40291,9641,B
40333,9647,P
40375,9647,B
40416,9644,B
40458,9642,B
40500,9641,P
40541,9800,B
40583,9805,P
40625,9804,I
40666,9800,B
40708,9800,B
40750,9800,B
40791,9806,P
40833,9799,B
40875,9802,B
40916,9809,B
40958,9806,P
41000,9806,B
41041,9803,B
41083,9801,B
41125,9808,P
41166,9938,B
41208,9939,P
41250,9939,I
41291,9938,B
41333,9944,B
41375,9939,B
41416,9940,P
41458,9937,B
41500,9945,B
41541,9944,B
41583,9942,P
41625,9940,B
41666,9946,B
41708,9944,B
41750,9944,P
41791,10059,B
41833,10067,P
41875,10067,I
41916,10060,B
41958,10062,B
42000,10060,B
42041,10068,P
42083,10066,B
42125,10065,B
42166,10062,B
42208,10061,P
42250,10067,B
42291,10065,B
42333,10064,B
42375,10063,P
42416,10178,B
42458,10187,P
42500,10185,I
42541,10183,B
42583,10181,B
42625,10181,B
42666,10186,P
42708,10184,B
42750,10183,B
42791,10180,B
42833,10179,P
42875,10178,B
42916,10184,B
42958,10183,B
43000,10182,P
43041,10317,B
43083,10321,P
43125,10320,I
43166,10318,B
43208,10324,B
43250,10323,B
43291,10322,P
43333,10319,B
43375,10318,B
43416,10325,B
43458,10323,P
43500,10321,B
43541,10319,B
43583,10318,B
43625,10324,P
43666,10454,B
43708,10457,P
43750,10455,I
43791,10462,B
43833,10459,B
43875,10458,B
43916,10456,P
43958,10462,B
44000,10461,B
44041,10459,B
44083,10458,P
44125,10456,B
44166,10463,B
44208,10460,B
44250,10460,P
44291,10653,B
44333,10655,P
44375,10654,I
44416,10654,B
44458,10659,B
44500,10653,B
44541,10655,P
44583,10662,B
44625,10661,B
44666,10658,B
44708,10657,P
44750,10655,B
44791,10661,B
44833,10660,B
44875,10658,P
44916,10773,B
44958,10775,P
45000,10781,I
45041,10779,B
45083,10777,B
45125,10776,B
45166,10775,P
45208,10781,B
45250,10779,B
45291,10778,B
45333,10775,P
45375,10775,B
45416,10780,B
45458,10779,B
45500,10777,P
45541,10910,B
45583,10911,P
45625,10911,I
45666,10915,B
45708,10910,B
45750,10920,B
45791,10910,P
45833,10915,B
45875,10914,B
45916,10913,B
45958,10915,P
46000,10912,B
46041,10911,B
46083,10913,B
46125,10911,P
46166,10973,B
46208,10980,P
46250,10975,I
46291,10977,B
46333,10975,B
46375,10974,B
46416,10980,P
46458,10978,B
46500,10977,B
46541,10975,B
46583,10982,P
46625,10981,B
46666,10978,B
46708,10977,B
46750,10976,P
46791,11154,B
46833,11155,P
46875,11154,I
46916,11160,B
46958,11158,B
47000,11157,B
47041,11155,P
47083,11162,B
47125,11160,B
47166,11159,B
47208,11157,P
47250,11155,B
47291,11162,B
47333,11160,B
47375,11159,P
47416,11232,B
47458,11234,P
47500,11233,I
47541,11240,P
47583,11237,B
47625,11237,B
47666,11371,B
47708,11370,P
47750,11371,P
47791,11371,B
47833,11371,B
47875,11378,B
47916,11377,P
47958,11375,B
48000,11374,B
48041,11596,B
48083,11602,P
48125,11595,I
48166,11597,B
48208,11596,B
48250,11603,B
48291,11596,P
48333,11600,B
48375,11598,B
48416,11605,B
48458,11602,P
48500,11601,B
48541,11600,B
48583,11598,B
48625,11604,P
48666,11798,B
48708,11801,P
48750,11799,I
48791,11805,B
48833,11803,B
48875,11802,B
48916,11800,P
48958,11798,B
49000,11805,B
49041,11804,B
49083,11801,P
49125,11800,B
49166,11806,B
49208,11804,B
49250,11804,P
49291,12040,B
49333,12046,P
49375,12047,I
49416,12044,B
49458,12042,B
49500,12041,B
49541,12047,P
49583,12045,B
49625,12044,B
49666,12042,B
49708,12049,P
49750,12048,B
49791,12045,B
49833,12044,B
49875,12042,P
49916,12216,B
49958,12217,P
50000,12220,I
50041,12218,B
50083,12216,B
50125,12224,B
50166,12217,P
50208,12220,B
50250,12219,B
50291,12225,B
50333,12223,P
50375,12223,B
50416,12220,B
50458,12218,B
50500,12216,P
50541,12379,B
50583,12381,P
50625,12389,I
50666,12387,B
50708,12385,B
50750,12384,B
50791,12381,P
50833,12387,B
50875,12386,B
50916,12384,B
50958,12382,P
51000,12381,B
51041,12388,B
51083,12385,B
51125,12384,P
51166,12539,P
51208,12539,P
51250,12547,I
51291,12545,P
51333,12543,P
51375,12542,P
51416,12539,P
51458,12547,P
51500,12545,P
51541,12544,P
51583,12542,P
51625,12549,P
51666,12546,P
51708,12545,P
51750,12543,P
51791,12841,P
51833,12841,P
51875,12850,I
51916,12842,B
51958,12847,B
52000,12845,B
52041,12842,P
52083,12849,P
52125,12849,P
52166,12847,B
52208,12844,P
52250,12842,P
52291,12850,P
52333,12848,P
52375,12847,P
52416,13085,B
52458,13090,P
52500,13086,I
52541,13084,P
52583,13085,P
52625,13085,B
52666,13090,P
52708,13088,B
52750,13087,B
52791,13093,B
52833,13091,P
52875,13090,B
52916,13088,B
52958,13086,B
53000,13093,P
53041,13246,B
53083,13249,P
53125,13247,I
53166,13246,B
53208,13252,B
53250,13251,B
53291,13249,P
53333,13247,B
53375,13254,B
53416,13253,B
53458,13251,P
53500,13249,B
53541,13247,B
53583,13254,B
53625,13253,P
53666,13425,P
53708,13433,P
53750,13431,I
53791,13429,P
53833,13425,P
53875,13426,P
53916,13432,P
53958,13430,P
54000,13429,P
54041,13427,P
54083,13434,P
54125,13433,P
54166,13430,P
54208,13428,P
54250,13427,P
54291,13729,P
54333,13728,P
54375,13734,I
54416,13732,P
54458,13730,P
54500,13738,P
54541,13735,P
54583,13733,P
54625,13733,P
54666,13730,B
54708,13736,B
54750,13735,B
54791,13733,P
54833,13732,B
54875,13730,B
54916,14012,B
54958,14013,P
55000,14013,I
55041,14013,B
55083,14016,B
55125,14012,B
55166,14014,P
55208,14020,B
55250,14020,B
55291,14017,B
55333,14015,P
55375,14014,P
55416,14020,B
55458,14018,B
55500,14018,B
55541,14273,P
55583,14274,P
55625,14274,I
55666,14275,P
55708,14275,P
55750,14275,B
55791,14277,P
55833,14283,B
55875,14283,B
55916,14281,B
55958,14278,P
56000,14396,B
56041,14396,P
56083,14400,B
56125,14400,B
56166,14539,B
56208,14539,P
56250,14547,I
56291,14545,P
56333,14543,P
56375,14539,P
56416,14540,P
56458,14546,B
56500,14546,B
56541,14544,B
56583,14541,P
56625,14540,B
56666,14546,B
56708,14544,P
56750,14543,B
56791,14764,P
56833,14771,P
56875,14771,I
56916,14769,P
56958,14767,P
57000,14765,P
57041,14772,P
57083,14769,P
57125,14768,P
57166,14766,P
57208,14771,P
57250,14772,P
57291,14769,P
57333,14768,P
57375,14767,P
57416,14818,P
57458,14827,P
57500,14826,I
57541,14824,P
57583,14817,P
57625,14820,P
57666,14827,P
57708,14824,B
57750,14819,B
57791,14822,B
57833,14819,P
57875,14827,B
57916,14825,B
57958,14823,P
58000,14821,P
58041,15083,P
58083,15090,P
58125,15087,I
58166,15086,P
58208,15084,P
58250,15091,P
58291,15090,P
58333,15088,P
58375,15086,P
58416,15084,P
58458,15090,P
58500,15090,P
58541,15088,P
58583,15086,P
58625,15084,P
58666,15403,P
58708,15405,P
58750,15403,I
58791,15403,P
58833,15412,P
58875,15405,P
58916,15403,P
58958,15406,P
59000,15405,P
59041,15412,P
59083,15410,P
59125,15409,P
59166,15406,P
59208,15404,P
59250,15411,P
59291,15668,P
59333,15671,P
59375,15670,I
59416,15676,B
59458,15675,B
59500,15668,P
59541,15672,B
59583,15669,B
59625,15676,B
59666,15675,P
59708,15672,B
59750,15671,B
59791,15670,B
59833,15676,P
59875,15674,B
59916,15830,B
59958,15830,P
60000,15838,I
60041,15835,P
60083,15833,B
60125,15832,B
60166,15838,P
60208,15836,B
60250,15836,B
60291,15834,B
60333,15832,P
60375,15838,B
60416,15837,B
60458,15834,P
60500,15834,B
60541,15832,B
60583,15987,P
60625,15988,I
60666,15987,B
60708,15992,P
60750,15987,B
60791,15989,B
60833,15996,B
60875,15995,P
60916,15992,P
60958,15990,P
61000,15990,P
61041,15996,P
61083,15994,P
61125,15992,P
61166,16106,P
61208,16108,P
61250,16106,I
61291,16113,B
61333,16112,B
61375,16111,B
61416,16108,P
61458,16114,P
61500,16114,P
61541,16112,P
61583,16110,B
61625,16108,B
61666,16114,B
61708,16113,P
61750,16112,P
61791,16309,B
61833,16316,P
61875,16315,I
61916,16313,P
61958,16310,P
62000,16318,P
62041,16315,P
62083,16314,P
62125,16313,B
62166,16310,B
62208,16317,B
62250,16316,P
62291,16313,B
62333,16312,B
62375,16309,B
62416,16485,P
62458,16486,P
62500,16489,I
62541,16486,P
62583,16494,P
62625,16492,P
62666,16491,P
62708,16489,B
62750,16487,P
62791,16493,P
62833,16484,P
62875,16490,P
62916,16488,P
62958,16486,P
63000,16493,P
63041,16874,P
63083,16875,P
63125,16876,I
63166,16874,P
63208,16873,P
63250,16874,P
63291,16881,P
63333,16880,P
63375,16879,P
63416,16876,P
63458,16883,P
63500,16882,P
63541,16879,B
63583,16878,B
63625,16876,B
63666,16882,P
63708,17115,P
63750,17117,I
63791,17117,B
63833,17123,B
63875,17116,B
63916,17120,P
63958,17115,B
64000,17117,B
64041,17124,B
64083,17121,P
64125,17121,B
64166,17119,B
64208,17116,B
64250,17124,P
64291,17130,B
64333,17131,P
64375,17134,I
64416,17131,B
64458,17139,B
64500,17137,P
64541,17130,B
64583,17133,B
64625,17130,B
64666,17138,P
64708,17136,B
64750,17135,B
64791,17133,B
64833,17132,P
64875,17138,B
64916,17331,B
64958,17332,P
65000,17333,I
65041,17331,B
65083,17337,B
65125,17336,B
65166,17334,P
65208,17332,B
65250,17339,B
65291,17337,B
65333,17336,P
65375,17335,B
65416,17333,B
65458,17339,B
65500,17338,P
65541,17574,B
65583,17582,P
65625,17574,I
65666,17578,B
65708,17576,B
65750,17584,B
65791,17581,P
65833,17579,P
65875,17578,B
65916,17577,B
65958,17575,B
66000,17582,P
66041,17580,B
66083,17577,B
66125,17577,B
66166,17817,P
66208,17821,P
66250,17818,I
66291,17825,B
66333,17824,P
66375,17823,P
66416,17820,B
66458,17818,B
66500,17826,B
66541,17823,P
66583,17822,B
66625,17820,B
66666,17819,B
66708,17825,P
66750,17823,B
66791,18040,B
66833,18043,P
66875,18042,I
66916,18048,B
66958,18047,B
67000,18045,B
67041,18043,P
67083,18041,B
67125,18048,B
67166,18046,B
67208,18045,P
67250,18043,P
67291,18042,B
67333,18047,B
67375,18046,P
67416,18279,B
67458,18278,P
67500,18281,I
67541,18288,B
67583,18286,B
67625,18284,P
67666,18279,P
67708,18281,P
67750,18288,P
67791,18286,B
67833,18284,B
67875,18283,B
67916,18281,P
67958,18286,P
68000,18285,P
68041,18501,P
68083,18505,P
68125,18502,I
68166,18502,B
68208,18507,B
68250,18504,B
68291,18503,P
68333,18503,P
68375,18501,P
68416,18503,P
68458,18505,B
68500,18506,B
68541,18501,P
68583,18510,B
68625,18502,B
68666,18688,B
68708,18697,P
68750,18696,I
68791,18694,B
68833,18808,P
68875,18810,P
68916,18816,P
68958,18815,P
69000,18930,P
69041,18930,P
69083,18938,P
69125,18936,P
69166,18934,B
69208,18933,B
69250,18931,P
69291,19220,P
69333,19223,P
69375,19222,I
69416,19229,B
69458,19226,B
69500,19226,B
69541,19223,P
69583,19222,B
69625,19221,B
69666,19222,B
69708,19220,P
69750,19223,P
69791,19220,P
69833,19228,B
69875,19221,B
69916,19342,B
69958,19343,P
70000,19349,I
70041,19344,B
70083,19345,B
70125,19344,B
70166,19350,P
70208,19348,B
70250,19342,B
70291,19345,B
70333,19344,P
70375,19351,B
70416,19348,B
70458,19347,B
70500,19345,P
70541,19548,B
70583,19548,P
70625,19557,I
70666,19555,B
70708,19552,P
70750,19551,P
70791,19549,P
70833,19555,B
70875,19555,B
70916,19553,B
70958,19550,P
71000,19549,B
71041,19556,B
71083,19553,B
71125,19553,P
71166,19550,P
71208,19624,P
71250,19627,I
71291,19634,B
71333,19631,B
71375,19630,B
71416,19629,P
71458,19627,B
71500,19625,B
71541,19631,B
71583,19630,P
71625,19629,B
71666,19625,B
71708,19631,B
71750,19632,P
71791,19698,B
71833,19698,P
71875,19707,I
71916,19704,B
71958,19702,B
72000,19702,B
72041,19699,P
72083,19705,B
72125,19698,B
72166,19702,B
72208,19701,P
72250,19699,B
72291,19705,B
72333,19704,B
72375,19702,P
72416,19979,B
72458,19981,P
72500,19979,I
72541,19979,B
72583,19979,B
72625,19981,P
72666,19981,B
72708,19979,B
72750,19983,B
72791,19981,P
72833,19988,B
72875,19987,B
72916,19985,B
72958,19983,P
73000,19981,B
73041,20060,B
73083,20065,P
73125,20064,I
73166,20063,B
73208,20069,P
73250,20068,P
73291,20066,P
73333,20059,P
73375,20063,P
73416,20069,P
73458,20066,B
73500,20066,P
73541,20064,B
73583,20061,B
73625,20069,B
73666,20176,P
73708,20176,P
73750,20176,I
73791,20177,B
73833,20179,B
73875,20177,B
73916,20185,P
73958,20183,B
74000,20181,B
74041,20179,P
74083,20178,P
74125,20185,P
74166,20183,P
74208,20181,P
74250,20179,P
74291,20295,P
74333,20304,P
74375,20296,I
74416,20300,P
74458,20298,P
74500,20398,B
74541,20400,P
74583,20405,P
74625,20405,P
74666,20403,P
74708,20498,P
74750,20504,P
74791,20502,P
74833,20499,P
74875,20507,P
74916,20783,P
74958,20784,P
75000,20789,I
75041,20784,P
75083,20822,P
75125,20823,P
75166,20831,P
75208,20823,B
75250,20827,B
75291,20822,B
75333,20823,P
75375,20831,P
75416,20828,P
75458,21069,P
75500,21069,P
75541,21071,B
75583,21077,P
75625,21077,I
75666,21068,B
75708,21072,B
75750,21072,B
75791,21078,P
75833,21076,B
75875,21075,B
75916,21072,B
75958,21071,P
76000,21078,B
76041,21076,B
76083,21074,B
76125,21072,P
76166,21393,B
76208,21393,P
76250,21395,I
76291,21402,B
76333,21400,B
76375,21399,B
76416,21397,P
76458,21394,B
76500,21402,B
76541,21399,B
76583,21398,P
76625,21396,B
76666,21394,B
76708,21401,B
76750,21400,P
76791,21719,B
76833,21724,P
76875,21722,I
76916,21720,B
76958,21718,B
77000,21719,B
77041,21724,P
77083,21721,B
77125,21721,B
77166,21726,B
77208,21724,P
77250,21724,B
77291,21722,B
77333,21720,B
77375,21727,P
77416,22045,B
77458,22051,P
77500,22050,I
77541,22047,B
77583,22054,B
77625,22052,B
77666,22051,P
77708,22048,B
77750,22046,B
77791,22054,B
77833,22051,P
77875,22051,B
77916,22049,B
77958,22046,B
78000,22054,P
78041,22367,B
78083,22368,P
78125,22368,I
78166,22368,B
78208,22372,B
78250,22367,B
78291,22369,P
78333,22366,B
78375,22366,B
78416,22373,B
78458,22371,P
78500,22368,B
78541,22367,B
78583,22374,B
78625,22373,P
78666,22714,B
78708,22715,P
78750,22719,I
78791,22714,B
78833,22715,B
78875,22722,B
78916,22715,P
78958,22719,B
79000,22717,B
79041,22724,P
79083,22721,B
79125,22721,B
79166,22719,B
79208,22716,P
79250,22716,B
79291,22999,B
79333,23008,P
79375,23007,I
79416,23004,B
79458,23002,B
79500,23001,B
79541,23007,P
79583,23006,B
79625,23004,B
79666,23002,B
79708,23001,P
79750,23007,B
79791,23006,B
79833,23004,B
79875,23003,P
79916,23239,P
79958,23239,P
80000,23239,I
80041,23239,B
80083,23242,B
80125,23240,P
80166,23247,B
80208,23239,B
80250,23244,B
80291,23242,P
80333,23239,B
80375,23247,B
80416,23245,B
80458,23242,P
80500,23241,B
80541,23523,B
80583,23522,P
80625,23524,I
80666,23523,B
80708,23528,B
80750,23527,B
80791,23525,P
80833,23523,B
80875,23531,B
80916,23528,B
80958,23527,P
81000,23526,B
81041,23532,B
81083,23530,B
81125,23528,P
81166,23849,B
81208,23852,P
81250,23851,I
81291,23858,B
81333,23856,B
81375,23855,B
81416,23852,P
81458,23850,B
81500,23858,B
81541,23856,B
81583,23854,P
81625,23853,B
81666,23851,B
81708,23857,B
81750,23855,P
81791,24069,B
81833,24069,P
81875,24074,I
81916,24068,B
81958,24070,B
82000,24068,B
82041,24076,P
82083,24074,B
82125,24073,B
82166,24071,B
82208,24077,P
82250,24076,B
82291,24074,B
82333,24072,B
82375,24070,P
82416,24290,B
82458,24289,P
82500,24298,I
82541,24296,B
82583,24293,B
82625,24290,B
82666,24289,P
82708,24289,B
82750,24295,B
82791,24293,B
82833,24291,P
82875,24298,B
82916,24297,B
82958,24294,B
83000,24294,P
83041,24490,B
83083,24491,P
83125,24497,I
83166,24491,B
83208,24492,B
83250,24491,B
83291,24498,P
83333,24495,B
83375,24495,B
83416,24492,B
83458,24499,P
83500,24498,P
83541,24496,P
83583,24494,P
83625,24492,P
83666,24733,P
83708,24733,P
83750,24735,I
83791,24734,B
83833,24740,B
83875,24738,B
83916,24736,P
83958,24734,B
84000,24742,B
84041,24739,B
84083,24738,P
84125,24736,B
84166,24734,P
84208,24740,B
84250,24740,P
84291,24917,B
84333,24920,P
84375,24918,I
84416,24925,B
84458,24923,P
84500,24922,P
84541,24919,P
84583,24917,P
84625,24925,P
84666,24923,P
84708,24910,P
84750,24911,P
84791,24918,B
84833,24916,B
84875,24914,B
84916,25154,P
84958,25155,P
85000,25154,I
85041,25154,B
85083,25155,B
85125,25154,B
85166,25159,P
85208,25156,B
85250,25156,B
85291,25162,B
85333,25159,P
85375,25159,B
85416,25157,B
85458,25163,B
85500,25162,P
85541,25232,B
85583,25232,P
85625,25237,I
85666,25234,B
85708,25232,B
85750,25240,P
85791,25238,P
85833,25236,B
85875,25234,B
85916,25241,B
85958,25238,P
86000,25238,B
86041,25236,B
86083,25234,B
86125,25232,P
86166,25454,B
86208,25455,P
86250,25460,I
86291,25457,B
86333,25455,B
86375,25462,P
86416,25461,B
86458,25459,P
86500,25458,P
86541,25455,P
86583,25461,P
86625,25461,P
86666,25459,P
86708,25457,P
86750,25456,B
86791,25756,P
86833,25756,P
86875,25757,I
86916,25761,P
86958,25758,P
87000,25757,P
87041,25755,P
87083,25762,P
87125,25757,P
87166,25758,P
87208,25756,P
87250,25764,P
87291,25761,P
87333,25759,B
87375,25758,P
87416,25957,P
87458,25963,P
87500,25961,I
87541,25960,P
87583,25957,P
87625,25965,P
87666,25962,P
87708,25961,P
87750,25959,P
87791,25958,P
87833,25964,P
87875,25963,B
87916,25961,B
87958,25959,B
88000,25966,P
88041,26261,B
88083,26266,P
88125,26264,I
88166,26262,P
88208,26262,P
88250,26267,P
88291,26265,P
88333,26260,P
88375,26271,P
88416,26269,P
88458,26266,B
88500,26266,B
88541,26263,B
88583,26270,P
88625,26268,B
88666,26401,B
88708,26409,P
88750,26408,I
88791,26406,B
88833,26401,B
88875,26402,P
88916,26409,B
88958,26407,P
89000,26405,P
89041,26404,P
89083,26402,B
89125,26409,B
89166,26407,P
89208,26405,P
89250,26403,P
89291,26662,P
89333,26663,P
89375,26670,I
89416,26669,B
89458,26662,B
89500,26666,P
89541,26663,B
89583,26669,P
89625,26664,P
89666,26666,P
89708,26664,P
89750,26664,B
89791,26669,B
89833,26667,B
89875,26667,P
89916,26664,P
89958,26671,P
90000,26670,I
90041,26668,P
90083,26666,P
90125,26665,P
90166,26671,P
90208,26668,P
90250,26668,P
90291,26666,P
90333,26663,P
90375,26671,P
90416,26669,P
90458,26667,P
90500,26666,P
90541,26981,P
90583,26983,P
90625,26981,I
90666,26981,P
90708,26984,P
90750,26983,P
90791,26990,P
90833,26988,P
90875,26987,P
90916,26985,P
90958,26982,P
91000,26990,P
91041,26988,P
91083,26985,P
91125,26984,P
91166,27080,P
91208,27081,P
91250,27083,I
91291,27081,P
91333,27119,P
91375,27121,P
91416,27119,B
91458,27119,P
91500,27121,B
91541,27120,B
91583,27125,B
91625,27125,P
91666,27123,B
91708,27120,B
91750,27127,B
91791,27239,P
91833,27240,P
91875,27239,I
91916,27240,P
91958,27247,P
92000,27246,P
92041,27243,P
92083,27241,P
92125,27248,B
92166,27246,B
92208,27244,B
92250,27243,P
92291,27241,B
92333,27247,P
92375,27247,P
92416,27320,P
92458,27322,P
92500,27322,I
92541,27327,B
92583,27325,B
92625,27324,B
92666,27323,P
92708,27320,B
92750,27328,B
92791,27326,B
92833,27324,P
92875,27323,B
92916,27329,B
92958,27327,P
93000,27326,P
93041,27520,P
93083,27522,P
93125,27529,I
93166,27526,P
93208,27524,P
93250,27524,B
93291,27521,P
93333,27527,P
93375,27527,P
93416,27525,B
93458,27522,B
93500,27522,B
93541,27528,P
93583,27526,B
93625,27525,B
93666,27679,B
93708,27678,P
93750,27688,I
93791,27678,B
93833,27684,B
93875,27683,P
93916,27681,B
93958,27687,B
94000,27686,B
94041,27684,P
94083,27682,B
94125,27681,B
94166,27687,B
94208,27685,P
94250,27684,B
94291,27799,B
94333,27799,P
94375,27807,I
94416,27805,B
94458,27802,B
94500,27802,B
94541,27808,P
94583,27806,B
94625,27804,B
94666,27803,B
94708,27801,P
94750,27808,B
94791,27806,P
94833,27804,B
94875,27801,B
94916,28019,P
94958,28023,P
95000,28021,I
95041,28020,P
95083,28025,P
95125,28024,P
95166,28018,P
95208,28021,P
95250,28020,P
95291,28026,P
95333,28024,P
95375,28022,P
95416,28021,P
95458,28027,P
95500,28026,P
95541,28262,P
95583,28270,P
95625,28268,I
95666,28267,P
95708,28264,P
95750,28264,P
95791,28269,P
95833,28268,P
95875,28267,P
95916,28264,P
95958,28262,P
96000,28271,P
96041,28268,P
96083,28266,P
96125,28265,P
96166,28562,P
96208,28565,P
96250,28562,I
96291,28563,P
96333,28561,P
96375,28564,B
96416,28564,P
96458,28571,B
96500,28562,B
96541,28568,P
96583,28565,B
96625,28564,B
96666,28570,B
96708,28569,P
96750,28567,P
96791,28826,P
96833,28825,P
96875,28825,I
96916,28826,B
96958,28831,B
97000,28829,P
97041,28827,B
97083,28833,B
97125,28832,B
97166,28830,P
97208,28828,P
97250,28827,P
97291,28834,P
97333,28832,P
97375,28831,B
97416,29048,B
97458,29050,P
97500,29049,I
97541,29056,P
97583,29053,P
97625,29053,B
97666,29051,B
97708,29048,P
97750,29056,B
97791,29054,B
97833,29052,B
97875,29050,P
97916,29057,B
97958,29055,B
98000,29053,B
98041,29206,P
98083,29209,P
98125,29208,I
98166,29206,B
98208,29213,B
98250,29212,B
98291,29210,P
98333,29207,B
98375,29214,B
98416,29213,B
98458,29211,P
98500,29210,B
98541,29208,B
98583,29214,B
98625,29213,P
98666,29425,B
98708,29425,P
98750,29432,I
98791,29425,B
98833,29427,B
98875,29434,B
98916,29433,P
98958,29431,B
99000,29429,B
99041,29428,B
99083,29434,P
99125,29432,B
99166,29431,B
99208,29428,B
99250,29428,P
99291,29524,B
99333,29528,P
99375,29526,I
99416,29533,B
99458,29529,B
99500,29530,P
99541,29528,B
99583,29525,B
99625,29532,B
99666,29522,P
99708,29529,P
99750,29528,B
99791,29526,B
99833,29523,B
99875,29531,P
99916,29529,P
99958,29527,P
100000,29525,I
100041,29524,P
100083,29529,B
100125,29529,P
100166,29527,B
100208,29525,B
100250,29524,B
100291,29530,P
100333,29528,B
100375,29527,P
100416,29525,B
100458,29530,P
100500,29530,B
100541,29784,P
100583,29790,P
100625,29788,I
100666,29787,B
100708,29793,B
100750,29792,P
100791,29790,B
100833,29787,B
100875,29787,P
100916,29785,B
100958,29791,P
101000,29790,P
101041,29788,B
101083,29786,B
101125,29793,P
101166,29860,B
101208,29861,P
101250,29868,I
101291,29866,B
101333,29861,B
101375,29862,P
101416,29869,B
101458,29867,B
101500,29866,B
101541,29864,P
101583,29862,B
101625,29869,B
101666,29867,B
101708,29865,P
101750,29864,B
101791,30140,P